Ligand,Binding Affinity,rmsd/ub, rmsd/lb
merged_structure_ZINC000151425088_uff_E=288.34,-6.6,0.0,0.0
merged_structure_ZINC000151425088_uff_E=288.34,-6.5,8.325,5.737
merged_structure_ZINC000151425088_uff_E=288.34,-6.5,7.312,4.805
merged_structure_ZINC000151425088_uff_E=288.34,-6.3,7.008,4.819
merged_structure_ZINC000151425088_uff_E=288.34,-6.1,3.843,3.059
merged_structure_ZINC000151425088_uff_E=288.34,-6.1,7.901,4.7
merged_structure_ZINC000151425088_uff_E=288.34,-6.0,4.263,2.536
merged_structure_ZINC000151425088_uff_E=288.34,-6.0,7.793,5.251
merged_structure_ZINC000151425088_uff_E=288.34,-6.0,4.656,3.074
merged_structure_ZINC000151425092_uff_E=1862.35,-7.1,0.0,0.0
merged_structure_ZINC000151425092_uff_E=1862.35,-6.9,9.635,7.125
merged_structure_ZINC000151425092_uff_E=1862.35,-6.9,2.146,1.583
merged_structure_ZINC000151425092_uff_E=1862.35,-6.7,2.65,1.835
merged_structure_ZINC000151425092_uff_E=1862.35,-6.7,4.0,2.99
merged_structure_ZINC000151425092_uff_E=1862.35,-6.7,12.841,11.346
merged_structure_ZINC000151425092_uff_E=1862.35,-6.5,10.324,7.694
merged_structure_ZINC000151425092_uff_E=1862.35,-6.4,13.135,11.917
merged_structure_ZINC000151425092_uff_E=1862.35,-6.4,3.644,2.195
merged_structure_ZINC000151425101_uff_E=210.17,-6.3,0.0,0.0
merged_structure_ZINC000151425101_uff_E=210.17,-6.1,8.508,1.89
merged_structure_ZINC000151425101_uff_E=210.17,-5.8,2.952,2.507
merged_structure_ZINC000151425101_uff_E=210.17,-5.6,8.395,2.09
merged_structure_ZINC000151425101_uff_E=210.17,-5.6,8.359,2.741
merged_structure_ZINC000151425101_uff_E=210.17,-5.5,8.457,2.457
merged_structure_ZINC000151425101_uff_E=210.17,-5.5,9.498,4.552
merged_structure_ZINC000151425101_uff_E=210.17,-5.4,9.185,5.857
merged_structure_ZINC000151425101_uff_E=210.17,-5.4,9.259,5.892
merged_structure_ZINC000151425142_uff_E=182.14,-6.1,0.0,0.0
merged_structure_ZINC000151425142_uff_E=182.14,-6.0,7.552,3.408
merged_structure_ZINC000151425142_uff_E=182.14,-5.7,5.808,1.612
merged_structure_ZINC000151425142_uff_E=182.14,-5.6,4.607,2.596
merged_structure_ZINC000151425142_uff_E=182.14,-5.6,14.178,11.483
merged_structure_ZINC000151425142_uff_E=182.14,-5.4,6.825,4.441
merged_structure_ZINC000151425142_uff_E=182.14,-5.4,7.022,4.347
merged_structure_ZINC000151425142_uff_E=182.14,-5.4,14.447,13.194
merged_structure_ZINC000151425142_uff_E=182.14,-5.4,6.051,2.184
merged_structure_ZINC000151425149_uff_E=1597.83,-6.0,0.0,0.0
merged_structure_ZINC000151425149_uff_E=1597.83,-6.0,9.329,4.722
merged_structure_ZINC000151425149_uff_E=1597.83,-5.9,2.813,2.249
merged_structure_ZINC000151425149_uff_E=1597.83,-5.7,9.325,4.386
merged_structure_ZINC000151425149_uff_E=1597.83,-5.7,5.695,4.874
merged_structure_ZINC000151425149_uff_E=1597.83,-5.7,5.778,5.19
merged_structure_ZINC000151425149_uff_E=1597.83,-5.7,5.523,4.884
merged_structure_ZINC000151425149_uff_E=1597.83,-5.7,2.148,1.607
merged_structure_ZINC000151425149_uff_E=1597.83,-5.6,9.39,3.357
merged_structure_ZINC000151425157_uff_E=524.48,-6.2,0.0,0.0
merged_structure_ZINC000151425157_uff_E=524.48,-5.7,6.934,3.535
merged_structure_ZINC000151425157_uff_E=524.48,-5.6,14.504,12.733
merged_structure_ZINC000151425157_uff_E=524.48,-5.5,4.137,2.965
merged_structure_ZINC000151425157_uff_E=524.48,-5.5,3.25,2.407
merged_structure_ZINC000151425157_uff_E=524.48,-5.5,14.365,12.438
merged_structure_ZINC000151425157_uff_E=524.48,-5.4,3.655,2.844
merged_structure_ZINC000151425157_uff_E=524.48,-5.4,6.697,2.827
merged_structure_ZINC000151425157_uff_E=524.48,-5.3,15.227,12.446
merged_structure_ZINC000151425159_uff_E=226.29,-5.4,0.0,0.0
merged_structure_ZINC000151425159_uff_E=226.29,-5.4,4.035,2.106
merged_structure_ZINC000151425159_uff_E=226.29,-5.4,2.187,1.187
merged_structure_ZINC000151425159_uff_E=226.29,-5.3,14.75,12.304
merged_structure_ZINC000151425159_uff_E=226.29,-5.3,5.77,2.638
merged_structure_ZINC000151425159_uff_E=226.29,-5.2,4.919,2.419
merged_structure_ZINC000151425159_uff_E=226.29,-5.2,15.01,12.544
merged_structure_ZINC000151425159_uff_E=226.29,-5.2,14.686,12.373
merged_structure_ZINC000151425159_uff_E=226.29,-5.2,14.191,12.549
merged_structure_ZINC000151425164_uff_E=256.85,-6.1,0.0,0.0
merged_structure_ZINC000151425164_uff_E=256.85,-6.0,1.702,1.428
merged_structure_ZINC000151425164_uff_E=256.85,-6.0,8.627,3.555
merged_structure_ZINC000151425164_uff_E=256.85,-5.9,8.63,5.001
merged_structure_ZINC000151425164_uff_E=256.85,-5.9,3.981,2.665
merged_structure_ZINC000151425164_uff_E=256.85,-5.8,8.526,2.521
merged_structure_ZINC000151425164_uff_E=256.85,-5.6,8.631,2.174
merged_structure_ZINC000151425164_uff_E=256.85,-5.5,8.376,5.759
merged_structure_ZINC000151425164_uff_E=256.85,-5.5,8.146,3.236
merged_structure_ZINC000151425165_uff_E=319.18,-7.0,0.0,0.0
merged_structure_ZINC000151425165_uff_E=319.18,-6.6,4.923,2.831
merged_structure_ZINC000151425165_uff_E=319.18,-6.5,5.444,3.835
merged_structure_ZINC000151425165_uff_E=319.18,-6.4,1.973,1.668
merged_structure_ZINC000151425165_uff_E=319.18,-6.2,6.414,4.495
merged_structure_ZINC000151425165_uff_E=319.18,-6.2,5.209,3.678
merged_structure_ZINC000151425165_uff_E=319.18,-6.2,2.171,1.792
merged_structure_ZINC000151425165_uff_E=319.18,-6.2,8.144,5.344
merged_structure_ZINC000151425165_uff_E=319.18,-6.2,4.78,2.899
merged_structure_ZINC000151425166_uff_E=537.59,-5.0,0.0,0.0
merged_structure_ZINC000151425166_uff_E=537.59,-4.9,14.63,13.337
merged_structure_ZINC000151425166_uff_E=537.59,-4.9,14.129,12.81
merged_structure_ZINC000151425166_uff_E=537.59,-4.9,15.542,14.007
merged_structure_ZINC000151425166_uff_E=537.59,-4.8,7.506,3.759
merged_structure_ZINC000151425166_uff_E=537.59,-4.8,8.292,6.307
merged_structure_ZINC000151425166_uff_E=537.59,-4.6,13.548,12.508
merged_structure_ZINC000151425166_uff_E=537.59,-4.6,14.557,13.174
merged_structure_ZINC000151425166_uff_E=537.59,-4.6,9.135,6.771
merged_structure_ZINC000151425168_uff_E=1892.00,-7.5,0.0,0.0
merged_structure_ZINC000151425168_uff_E=1892.00,-6.8,3.178,2.312
merged_structure_ZINC000151425168_uff_E=1892.00,-6.8,13.468,12.029
merged_structure_ZINC000151425168_uff_E=1892.00,-6.7,9.211,5.56
merged_structure_ZINC000151425168_uff_E=1892.00,-6.5,12.117,9.479
merged_structure_ZINC000151425168_uff_E=1892.00,-6.5,13.686,12.087
merged_structure_ZINC000151425168_uff_E=1892.00,-6.3,11.125,9.165
merged_structure_ZINC000151425168_uff_E=1892.00,-6.2,11.066,9.287
merged_structure_ZINC000151425168_uff_E=1892.00,-6.1,14.988,13.033
merged_structure_ZINC000151425199_uff_E=288.22,-7.0,0.0,0.0
merged_structure_ZINC000151425199_uff_E=288.22,-6.7,7.871,4.101
merged_structure_ZINC000151425199_uff_E=288.22,-5.9,10.606,7.925
merged_structure_ZINC000151425199_uff_E=288.22,-5.8,10.823,7.992
merged_structure_ZINC000151425199_uff_E=288.22,-5.6,11.108,8.498
merged_structure_ZINC000151425199_uff_E=288.22,-5.6,10.958,8.353
merged_structure_ZINC000151425199_uff_E=288.22,-5.6,16.049,12.832
merged_structure_ZINC000151425199_uff_E=288.22,-5.5,11.653,9.119
merged_structure_ZINC000151425199_uff_E=288.22,-5.5,10.245,8.191
merged_structure_ZINC000151425217_uff_E=256.84,-5.9,0.0,0.0
merged_structure_ZINC000151425217_uff_E=256.84,-5.7,15.195,13.217
merged_structure_ZINC000151425217_uff_E=256.84,-5.6,4.007,1.54
merged_structure_ZINC000151425217_uff_E=256.84,-5.5,2.071,1.394
merged_structure_ZINC000151425217_uff_E=256.84,-5.4,13.67,11.668
merged_structure_ZINC000151425217_uff_E=256.84,-5.4,14.208,12.395
merged_structure_ZINC000151425217_uff_E=256.84,-5.4,14.849,12.561
merged_structure_ZINC000151425217_uff_E=256.84,-5.4,4.662,1.633
merged_structure_ZINC000151425217_uff_E=256.84,-5.4,4.72,1.992
merged_structure_ZINC000151425228_uff_E=586.42,-6.6,0.0,0.0
merged_structure_ZINC000151425228_uff_E=586.42,-6.6,8.601,4.259
merged_structure_ZINC000151425228_uff_E=586.42,-6.5,1.841,1.481
merged_structure_ZINC000151425228_uff_E=586.42,-6.3,4.221,3.614
merged_structure_ZINC000151425228_uff_E=586.42,-6.2,2.289,1.945
merged_structure_ZINC000151425228_uff_E=586.42,-6.2,13.431,12.024
merged_structure_ZINC000151425228_uff_E=586.42,-6.2,10.107,4.314
merged_structure_ZINC000151425228_uff_E=586.42,-6.1,8.714,5.87
merged_structure_ZINC000151425228_uff_E=586.42,-6.0,13.962,11.716
merged_structure_ZINC000151425234_uff_E=221.92,-6.3,0.0,0.0
merged_structure_ZINC000151425234_uff_E=221.92,-6.2,7.95,2.202
merged_structure_ZINC000151425234_uff_E=221.92,-6.1,3.696,2.262
merged_structure_ZINC000151425234_uff_E=221.92,-5.9,7.787,1.557
merged_structure_ZINC000151425234_uff_E=221.92,-5.9,15.453,13.532
merged_structure_ZINC000151425234_uff_E=221.92,-5.7,8.422,5.489
merged_structure_ZINC000151425234_uff_E=221.92,-5.4,3.118,1.985
merged_structure_ZINC000151425234_uff_E=221.92,-5.4,6.593,4.278
merged_structure_ZINC000151425234_uff_E=221.92,-5.1,6.642,4.627
merged_structure_ZINC000151425237_uff_E=1889.49,-6.8,0.0,0.0
merged_structure_ZINC000151425237_uff_E=1889.49,-6.7,8.587,4.618
merged_structure_ZINC000151425237_uff_E=1889.49,-6.7,8.405,3.865
merged_structure_ZINC000151425237_uff_E=1889.49,-6.6,4.014,3.072
merged_structure_ZINC000151425237_uff_E=1889.49,-6.6,8.671,4.111
merged_structure_ZINC000151425237_uff_E=1889.49,-6.4,6.961,4.949
merged_structure_ZINC000151425237_uff_E=1889.49,-6.3,10.833,8.073
merged_structure_ZINC000151425237_uff_E=1889.49,-6.3,8.51,4.267
merged_structure_ZINC000151425237_uff_E=1889.49,-6.3,11.488,8.645
merged_structure_ZINC000151425238_uff_E=588.86,-6.4,0.0,0.0
merged_structure_ZINC000151425238_uff_E=588.86,-6.1,6.993,2.552
merged_structure_ZINC000151425238_uff_E=588.86,-6.1,3.031,1.839
merged_structure_ZINC000151425238_uff_E=588.86,-5.8,7.494,4.07
merged_structure_ZINC000151425238_uff_E=588.86,-5.6,13.899,12.213
merged_structure_ZINC000151425238_uff_E=588.86,-5.6,7.342,2.535
merged_structure_ZINC000151425238_uff_E=588.86,-5.6,7.126,2.74
merged_structure_ZINC000151425238_uff_E=588.86,-5.5,7.231,4.607
merged_structure_ZINC000151425238_uff_E=588.86,-5.4,15.541,13.222
merged_structure_ZINC000151425259_uff_E=305.81,-6.1,0.0,0.0
merged_structure_ZINC000151425259_uff_E=305.81,-5.6,2.274,1.115
merged_structure_ZINC000151425259_uff_E=305.81,-5.6,5.607,3.606
merged_structure_ZINC000151425259_uff_E=305.81,-5.4,4.369,2.964
merged_structure_ZINC000151425259_uff_E=305.81,-5.4,2.579,1.702
merged_structure_ZINC000151425259_uff_E=305.81,-5.4,9.934,7.761
merged_structure_ZINC000151425259_uff_E=305.81,-5.3,14.726,12.769
merged_structure_ZINC000151425259_uff_E=305.81,-5.2,6.278,3.429
merged_structure_ZINC000151425259_uff_E=305.81,-5.2,3.377,2.698
merged_structure_ZINC000151425279_uff_E=183.53,-5.9,0.0,0.0
merged_structure_ZINC000151425279_uff_E=183.53,-5.7,7.78,2.453
merged_structure_ZINC000151425279_uff_E=183.53,-5.6,3.374,2.235
merged_structure_ZINC000151425279_uff_E=183.53,-5.6,2.158,1.811
merged_structure_ZINC000151425279_uff_E=183.53,-5.5,7.987,4.938
merged_structure_ZINC000151425279_uff_E=183.53,-5.4,14.73,12.915
merged_structure_ZINC000151425279_uff_E=183.53,-5.3,7.988,5.049
merged_structure_ZINC000151425279_uff_E=183.53,-5.3,11.395,7.651
merged_structure_ZINC000151425279_uff_E=183.53,-5.2,12.139,7.125
merged_structure_ZINC000151425317_uff_E=199.60,-6.2,0.0,0.0
merged_structure_ZINC000151425317_uff_E=199.60,-6.2,14.175,12.854
merged_structure_ZINC000151425317_uff_E=199.60,-6.1,15.103,13.42
merged_structure_ZINC000151425317_uff_E=199.60,-6.1,14.883,13.747
merged_structure_ZINC000151425317_uff_E=199.60,-6.1,2.645,2.041
merged_structure_ZINC000151425317_uff_E=199.60,-6.0,14.461,13.12
merged_structure_ZINC000151425317_uff_E=199.60,-6.0,2.538,1.611
merged_structure_ZINC000151425317_uff_E=199.60,-5.9,12.446,11.499
merged_structure_ZINC000151425317_uff_E=199.60,-5.8,13.981,12.964
merged_structure_ZINC000151425320_uff_E=264.18,-6.5,0.0,0.0
merged_structure_ZINC000151425320_uff_E=264.18,-6.3,8.359,3.798
merged_structure_ZINC000151425320_uff_E=264.18,-6.3,8.36,4.026
merged_structure_ZINC000151425320_uff_E=264.18,-6.1,3.352,2.74
merged_structure_ZINC000151425320_uff_E=264.18,-6.0,7.839,2.349
merged_structure_ZINC000151425320_uff_E=264.18,-5.9,8.695,5.186
merged_structure_ZINC000151425320_uff_E=264.18,-5.9,3.136,2.477
merged_structure_ZINC000151425320_uff_E=264.18,-5.8,4.253,2.834
merged_structure_ZINC000151425320_uff_E=264.18,-5.8,4.624,3.711
merged_structure_ZINC000151425334_uff_E=774.95,-6.7,0.0,0.0
merged_structure_ZINC000151425334_uff_E=774.95,-6.7,4.716,2.812
merged_structure_ZINC000151425334_uff_E=774.95,-6.6,5.562,3.152
merged_structure_ZINC000151425334_uff_E=774.95,-6.6,4.756,2.825
merged_structure_ZINC000151425334_uff_E=774.95,-6.6,4.39,2.723
merged_structure_ZINC000151425334_uff_E=774.95,-6.4,4.425,3.102
merged_structure_ZINC000151425334_uff_E=774.95,-6.3,1.994,1.376
merged_structure_ZINC000151425334_uff_E=774.95,-6.2,13.736,11.158
merged_structure_ZINC000151425334_uff_E=774.95,-6.2,7.276,2.208
merged_structure_ZINC000151425359_uff_E=490.47,-5.6,0.0,0.0
merged_structure_ZINC000151425359_uff_E=490.47,-5.6,3.659,2.451
merged_structure_ZINC000151425359_uff_E=490.47,-5.6,4.149,2.369
merged_structure_ZINC000151425359_uff_E=490.47,-5.6,2.434,1.883
merged_structure_ZINC000151425359_uff_E=490.47,-5.4,15.126,13.1
merged_structure_ZINC000151425359_uff_E=490.47,-5.3,15.512,13.805
merged_structure_ZINC000151425359_uff_E=490.47,-5.3,7.598,3.473
merged_structure_ZINC000151425359_uff_E=490.47,-5.3,3.29,2.071
merged_structure_ZINC000151425359_uff_E=490.47,-5.3,3.719,2.53
merged_structure_ZINC000151425374_uff_E=537.16,-5.7,0.0,0.0
merged_structure_ZINC000151425374_uff_E=537.16,-5.6,2.178,1.516
merged_structure_ZINC000151425374_uff_E=537.16,-5.6,2.258,1.553
merged_structure_ZINC000151425374_uff_E=537.16,-5.6,8.074,3.63
merged_structure_ZINC000151425374_uff_E=537.16,-5.5,16.346,13.994
merged_structure_ZINC000151425374_uff_E=537.16,-5.4,6.833,4.537
merged_structure_ZINC000151425374_uff_E=537.16,-5.4,9.217,7.907
merged_structure_ZINC000151425374_uff_E=537.16,-5.4,16.289,14.13
merged_structure_ZINC000151425374_uff_E=537.16,-5.3,5.182,3.823
merged_structure_ZINC000151425410_uff_E=776.98,-6.7,0.0,0.0
merged_structure_ZINC000151425410_uff_E=776.98,-6.7,2.412,2.049
merged_structure_ZINC000151425410_uff_E=776.98,-6.6,2.342,1.887
merged_structure_ZINC000151425410_uff_E=776.98,-6.6,4.889,2.894
merged_structure_ZINC000151425410_uff_E=776.98,-6.5,4.587,3.194
merged_structure_ZINC000151425410_uff_E=776.98,-6.4,4.933,2.766
merged_structure_ZINC000151425410_uff_E=776.98,-6.2,5.784,4.093
merged_structure_ZINC000151425410_uff_E=776.98,-6.1,13.348,11.518
merged_structure_ZINC000151425410_uff_E=776.98,-6.1,14.567,12.28
merged_structure_ZINC000151425467_uff_E=507.35,-6.5,0.0,0.0
merged_structure_ZINC000151425467_uff_E=507.35,-6.5,4.199,2.918
merged_structure_ZINC000151425467_uff_E=507.35,-6.4,2.076,1.531
merged_structure_ZINC000151425467_uff_E=507.35,-6.3,8.991,5.001
merged_structure_ZINC000151425467_uff_E=507.35,-6.1,6.871,2.339
merged_structure_ZINC000151425467_uff_E=507.35,-5.8,9.388,4.587
merged_structure_ZINC000151425467_uff_E=507.35,-5.8,14.309,12.057
merged_structure_ZINC000151425467_uff_E=507.35,-5.8,7.825,5.263
merged_structure_ZINC000151425467_uff_E=507.35,-5.6,10.346,6.468
merged_structure_ZINC000151425479_uff_E=208.24,-5.6,0.0,0.0
merged_structure_ZINC000151425479_uff_E=208.24,-5.5,14.493,12.791
merged_structure_ZINC000151425479_uff_E=208.24,-5.5,15.268,12.922
merged_structure_ZINC000151425479_uff_E=208.24,-5.3,5.43,3.104
merged_structure_ZINC000151425479_uff_E=208.24,-5.2,15.128,13.047
merged_structure_ZINC000151425479_uff_E=208.24,-5.2,2.401,1.149
merged_structure_ZINC000151425479_uff_E=208.24,-5.2,14.962,12.813
merged_structure_ZINC000151425479_uff_E=208.24,-5.2,4.134,2.667
merged_structure_ZINC000151425479_uff_E=208.24,-5.1,4.513,2.884
merged_structure_ZINC000151425530_uff_E=416.79,-6.1,0.0,0.0
merged_structure_ZINC000151425530_uff_E=416.79,-6.1,3.619,2.441
merged_structure_ZINC000151425530_uff_E=416.79,-6.1,2.549,1.833
merged_structure_ZINC000151425530_uff_E=416.79,-6.1,5.333,3.729
merged_structure_ZINC000151425530_uff_E=416.79,-6.0,5.17,2.863
merged_structure_ZINC000151425530_uff_E=416.79,-5.9,4.577,2.8
merged_structure_ZINC000151425530_uff_E=416.79,-5.9,8.568,4.358
merged_structure_ZINC000151425530_uff_E=416.79,-5.8,4.982,2.841
merged_structure_ZINC000151425530_uff_E=416.79,-5.8,3.084,2.084
merged_structure_ZINC000151425543_uff_E=472.05,-6.6,0.0,0.0
merged_structure_ZINC000151425543_uff_E=472.05,-6.4,9.772,5.376
merged_structure_ZINC000151425543_uff_E=472.05,-6.2,3.055,2.029
merged_structure_ZINC000151425543_uff_E=472.05,-5.9,9.657,4.755
merged_structure_ZINC000151425543_uff_E=472.05,-5.8,7.313,4.828
merged_structure_ZINC000151425543_uff_E=472.05,-5.8,14.087,12.344
merged_structure_ZINC000151425543_uff_E=472.05,-5.6,14.501,12.57
merged_structure_ZINC000151425543_uff_E=472.05,-5.6,14.575,12.427
merged_structure_ZINC000151425543_uff_E=472.05,-5.5,13.349,8.901
merged_structure_ZINC000151425550_uff_E=204.78,-5.7,0.0,0.0
merged_structure_ZINC000151425550_uff_E=204.78,-5.6,14.758,12.387
merged_structure_ZINC000151425550_uff_E=204.78,-5.6,5.133,3.019
merged_structure_ZINC000151425550_uff_E=204.78,-5.5,6.473,4.031
merged_structure_ZINC000151425550_uff_E=204.78,-5.5,4.361,2.809
merged_structure_ZINC000151425550_uff_E=204.78,-5.4,14.378,12.105
merged_structure_ZINC000151425550_uff_E=204.78,-5.3,14.415,12.233
merged_structure_ZINC000151425550_uff_E=204.78,-5.3,5.05,3.372
merged_structure_ZINC000151425550_uff_E=204.78,-5.3,14.101,12.171
merged_structure_ZINC000151425581_uff_E=293.89,-6.6,0.0,0.0
merged_structure_ZINC000151425581_uff_E=293.89,-6.5,3.78,3.09
merged_structure_ZINC000151425581_uff_E=293.89,-6.4,8.349,3.881
merged_structure_ZINC000151425581_uff_E=293.89,-6.4,8.592,3.697
merged_structure_ZINC000151425581_uff_E=293.89,-6.3,8.152,3.273
merged_structure_ZINC000151425581_uff_E=293.89,-6.0,16.498,14.422
merged_structure_ZINC000151425581_uff_E=293.89,-5.9,5.455,4.341
merged_structure_ZINC000151425581_uff_E=293.89,-5.9,7.898,4.469
merged_structure_ZINC000151425581_uff_E=293.89,-5.8,14.811,13.876
merged_structure_ZINC000151425600_uff_E=461.42,-7.0,0.0,0.0
merged_structure_ZINC000151425600_uff_E=461.42,-6.9,3.134,1.976
merged_structure_ZINC000151425600_uff_E=461.42,-6.8,3.473,2.571
merged_structure_ZINC000151425600_uff_E=461.42,-6.8,7.284,3.23
merged_structure_ZINC000151425600_uff_E=461.42,-6.8,5.502,3.415
merged_structure_ZINC000151425600_uff_E=461.42,-6.8,8.531,3.924
merged_structure_ZINC000151425600_uff_E=461.42,-6.8,7.539,3.338
merged_structure_ZINC000151425600_uff_E=461.42,-6.6,8.316,2.705
merged_structure_ZINC000151425600_uff_E=461.42,-6.5,6.318,3.87
merged_structure_ZINC000151425603_uff_E=255.29,-6.9,0.0,0.0
merged_structure_ZINC000151425603_uff_E=255.29,-6.4,17.162,13.611
merged_structure_ZINC000151425603_uff_E=255.29,-6.3,11.093,2.699
merged_structure_ZINC000151425603_uff_E=255.29,-6.2,10.909,3.486
merged_structure_ZINC000151425603_uff_E=255.29,-6.1,3.379,2.332
merged_structure_ZINC000151425603_uff_E=255.29,-6.0,4.57,3.841
merged_structure_ZINC000151425603_uff_E=255.29,-5.9,7.648,5.771
merged_structure_ZINC000151425603_uff_E=255.29,-5.9,17.162,13.553
merged_structure_ZINC000151425603_uff_E=255.29,-5.8,14.406,13.101
merged_structure_ZINC000151425618_uff_E=419.30,-5.9,0.0,0.0
merged_structure_ZINC000151425618_uff_E=419.30,-5.9,7.833,4.001
merged_structure_ZINC000151425618_uff_E=419.30,-5.7,14.176,12.825
merged_structure_ZINC000151425618_uff_E=419.30,-5.7,8.051,2.38
merged_structure_ZINC000151425618_uff_E=419.30,-5.7,3.426,2.611
merged_structure_ZINC000151425618_uff_E=419.30,-5.7,9.038,4.396
merged_structure_ZINC000151425618_uff_E=419.30,-5.6,11.612,8.797
merged_structure_ZINC000151425618_uff_E=419.30,-5.6,7.451,2.712
merged_structure_ZINC000151425618_uff_E=419.30,-5.5,6.132,3.695
merged_structure_ZINC000151425619_uff_E=1721.37,-5.6,0.0,0.0
merged_structure_ZINC000151425619_uff_E=1721.37,-5.6,6.902,5.103
merged_structure_ZINC000151425619_uff_E=1721.37,-5.5,14.638,12.756
merged_structure_ZINC000151425619_uff_E=1721.37,-5.4,3.005,2.266
merged_structure_ZINC000151425619_uff_E=1721.37,-5.4,8.808,5.751
merged_structure_ZINC000151425619_uff_E=1721.37,-5.3,14.94,13.038
merged_structure_ZINC000151425619_uff_E=1721.37,-5.3,11.749,8.579
merged_structure_ZINC000151425619_uff_E=1721.37,-5.3,9.514,6.574
merged_structure_ZINC000151425619_uff_E=1721.37,-5.3,3.348,2.579
merged_structure_ZINC000151425666_uff_E=523.49,-6.9,0.0,0.0
merged_structure_ZINC000151425666_uff_E=523.49,-6.7,2.902,2.195
merged_structure_ZINC000151425666_uff_E=523.49,-6.6,2.276,1.796
merged_structure_ZINC000151425666_uff_E=523.49,-6.6,9.324,2.558
merged_structure_ZINC000151425666_uff_E=523.49,-6.6,8.081,3.357
merged_structure_ZINC000151425666_uff_E=523.49,-6.6,7.997,3.729
merged_structure_ZINC000151425666_uff_E=523.49,-6.5,4.901,2.971
merged_structure_ZINC000151425666_uff_E=523.49,-6.3,2.434,1.803
merged_structure_ZINC000151425666_uff_E=523.49,-6.3,10.13,7.207
merged_structure_ZINC000151425669_uff_E=239.63,-6.9,0.0,0.0
merged_structure_ZINC000151425669_uff_E=239.63,-6.9,2.406,1.845
merged_structure_ZINC000151425669_uff_E=239.63,-6.8,10.35,2.742
merged_structure_ZINC000151425669_uff_E=239.63,-6.5,10.789,3.077
merged_structure_ZINC000151425669_uff_E=239.63,-6.1,3.659,2.713
merged_structure_ZINC000151425669_uff_E=239.63,-6.1,1.878,1.495
merged_structure_ZINC000151425669_uff_E=239.63,-6.1,8.39,6.511
merged_structure_ZINC000151425669_uff_E=239.63,-6.1,10.223,3.022
merged_structure_ZINC000151425669_uff_E=239.63,-6.0,4.472,2.778
merged_structure_ZINC001356604507_uff_E=1206.30,-5.4,0.0,0.0
merged_structure_ZINC001356604507_uff_E=1206.30,-5.1,5.541,2.942
merged_structure_ZINC001356604507_uff_E=1206.30,-5.1,4.788,1.949
merged_structure_ZINC001356604507_uff_E=1206.30,-5.0,7.766,4.801
merged_structure_ZINC001356604507_uff_E=1206.30,-5.0,14.089,12.76
merged_structure_ZINC001356604507_uff_E=1206.30,-4.8,3.693,2.64
merged_structure_ZINC001356604507_uff_E=1206.30,-4.8,2.853,1.797
merged_structure_ZINC001356604507_uff_E=1206.30,-4.7,16.302,13.398
merged_structure_ZINC001356604507_uff_E=1206.30,-4.7,4.048,2.352
merged_structure_ZINC000151425686_uff_E=372.86,-6.4,0.0,0.0
merged_structure_ZINC000151425686_uff_E=372.86,-6.4,8.393,4.093
merged_structure_ZINC000151425686_uff_E=372.86,-6.2,8.407,4.712
merged_structure_ZINC000151425686_uff_E=372.86,-6.1,14.996,13.243
merged_structure_ZINC000151425686_uff_E=372.86,-6.1,4.973,3.345
merged_structure_ZINC000151425686_uff_E=372.86,-6.0,6.931,3.843
merged_structure_ZINC000151425686_uff_E=372.86,-6.0,8.293,5.273
merged_structure_ZINC000151425686_uff_E=372.86,-5.9,7.109,4.2
merged_structure_ZINC000151425686_uff_E=372.86,-5.8,8.045,3.413
merged_structure_ZINC000151425702_uff_E=374.57,-5.9,0.0,0.0
merged_structure_ZINC000151425702_uff_E=374.57,-5.8,2.568,1.972
merged_structure_ZINC000151425702_uff_E=374.57,-5.8,3.365,2.276
merged_structure_ZINC000151425702_uff_E=374.57,-5.8,4.252,2.777
merged_structure_ZINC000151425702_uff_E=374.57,-5.7,7.737,3.446
merged_structure_ZINC000151425702_uff_E=374.57,-5.6,14.207,12.622
merged_structure_ZINC000151425702_uff_E=374.57,-5.4,14.714,13.147
merged_structure_ZINC000151425702_uff_E=374.57,-5.4,8.827,4.447
merged_structure_ZINC000151425702_uff_E=374.57,-5.3,9.759,5.298
merged_structure_ZINC000151425704_uff_E=1699.65,-6.2,0.0,0.0
merged_structure_ZINC000151425704_uff_E=1699.65,-6.1,7.298,4.509
merged_structure_ZINC000151425704_uff_E=1699.65,-6.1,5.071,3.409
merged_structure_ZINC000151425704_uff_E=1699.65,-5.9,8.325,5.185
merged_structure_ZINC000151425704_uff_E=1699.65,-5.8,9.368,6.629
merged_structure_ZINC000151425704_uff_E=1699.65,-5.8,7.935,5.081
merged_structure_ZINC000151425704_uff_E=1699.65,-5.8,9.038,6.117
merged_structure_ZINC000151425704_uff_E=1699.65,-5.7,6.596,4.168
merged_structure_ZINC000151425704_uff_E=1699.65,-5.6,8.989,5.808
merged_structure_ZINC000151425730_uff_E=509.13,-6.6,0.0,0.0
merged_structure_ZINC000151425730_uff_E=509.13,-6.5,8.171,5.04
merged_structure_ZINC000151425730_uff_E=509.13,-6.3,7.443,4.122
merged_structure_ZINC000151425730_uff_E=509.13,-6.2,7.234,3.499
merged_structure_ZINC000151425730_uff_E=509.13,-6.2,13.211,11.442
merged_structure_ZINC000151425730_uff_E=509.13,-6.1,9.858,4.591
merged_structure_ZINC000151425730_uff_E=509.13,-6.1,10.236,4.934
merged_structure_ZINC000151425730_uff_E=509.13,-6.1,7.179,2.708
merged_structure_ZINC000151425730_uff_E=509.13,-6.0,13.62,10.746
merged_structure_ZINC000151425745_uff_E=450.60,-6.6,0.0,0.0
merged_structure_ZINC000151425745_uff_E=450.60,-6.1,7.976,5.083
merged_structure_ZINC000151425745_uff_E=450.60,-6.1,13.349,11.893
merged_structure_ZINC000151425745_uff_E=450.60,-5.9,8.02,4.57
merged_structure_ZINC000151425745_uff_E=450.60,-5.9,8.645,4.568
merged_structure_ZINC000151425745_uff_E=450.60,-5.9,9.797,6.293
merged_structure_ZINC000151425745_uff_E=450.60,-5.7,13.235,11.659
merged_structure_ZINC000151425745_uff_E=450.60,-5.5,5.947,3.845
merged_structure_ZINC000151425745_uff_E=450.60,-5.5,14.329,12.496
merged_structure_ZINC001356604509_uff_E=1183.87,-5.0,0.0,0.0
merged_structure_ZINC001356604509_uff_E=1183.87,-4.9,2.197,1.638
merged_structure_ZINC001356604509_uff_E=1183.87,-4.8,6.407,2.773
merged_structure_ZINC001356604509_uff_E=1183.87,-4.8,2.91,1.703
merged_structure_ZINC001356604509_uff_E=1183.87,-4.8,3.12,2.169
merged_structure_ZINC001356604509_uff_E=1183.87,-4.8,3.735,2.677
merged_structure_ZINC001356604509_uff_E=1183.87,-4.7,2.123,1.613
merged_structure_ZINC001356604509_uff_E=1183.87,-4.7,3.303,2.071
merged_structure_ZINC001356604509_uff_E=1183.87,-4.7,4.864,2.771
merged_structure_ZINC000151425755_uff_E=604.95,-7.1,0.0,0.0
merged_structure_ZINC000151425755_uff_E=604.95,-6.9,1.991,1.325
merged_structure_ZINC000151425755_uff_E=604.95,-6.8,4.158,3.554
merged_structure_ZINC000151425755_uff_E=604.95,-6.8,3.196,2.604
merged_structure_ZINC000151425755_uff_E=604.95,-6.8,2.04,1.635
merged_structure_ZINC000151425755_uff_E=604.95,-6.5,13.344,12.132
merged_structure_ZINC000151425755_uff_E=604.95,-6.4,2.488,1.916
merged_structure_ZINC000151425755_uff_E=604.95,-6.4,10.121,6.576
merged_structure_ZINC000151425755_uff_E=604.95,-6.4,13.5,11.358
merged_structure_ZINC000151425759_uff_E=594.76,-5.3,0.0,0.0
merged_structure_ZINC000151425759_uff_E=594.76,-5.1,5.752,3.36
merged_structure_ZINC000151425759_uff_E=594.76,-5.0,15.169,13.195
merged_structure_ZINC000151425759_uff_E=594.76,-5.0,4.895,2.31
merged_structure_ZINC000151425759_uff_E=594.76,-5.0,6.374,3.573
merged_structure_ZINC000151425759_uff_E=594.76,-5.0,6.754,4.293
merged_structure_ZINC000151425759_uff_E=594.76,-4.9,4.953,2.309
merged_structure_ZINC000151425759_uff_E=594.76,-4.9,4.997,2.439
merged_structure_ZINC000151425759_uff_E=594.76,-4.8,5.936,3.266
merged_structure_ZINC000151425773_uff_E=402.47,-6.2,0.0,0.0
merged_structure_ZINC000151425773_uff_E=402.47,-5.8,13.602,11.814
merged_structure_ZINC000151425773_uff_E=402.47,-5.8,4.746,3.34
merged_structure_ZINC000151425773_uff_E=402.47,-5.8,8.239,3.686
merged_structure_ZINC000151425773_uff_E=402.47,-5.8,7.816,3.837
merged_structure_ZINC000151425773_uff_E=402.47,-5.8,2.18,1.669
merged_structure_ZINC000151425773_uff_E=402.47,-5.7,2.025,1.717
merged_structure_ZINC000151425773_uff_E=402.47,-5.6,3.695,2.58
merged_structure_ZINC000151425773_uff_E=402.47,-5.5,15.831,12.579
merged_structure_ZINC000151425785_uff_E=628.00,-6.7,0.0,0.0
merged_structure_ZINC000151425785_uff_E=628.00,-6.3,4.026,2.516
merged_structure_ZINC000151425785_uff_E=628.00,-6.1,8.07,4.033
merged_structure_ZINC000151425785_uff_E=628.00,-6.1,3.111,1.964
merged_structure_ZINC000151425785_uff_E=628.00,-6.1,7.721,4.031
merged_structure_ZINC000151425785_uff_E=628.00,-5.9,8.424,3.209
merged_structure_ZINC000151425785_uff_E=628.00,-5.9,4.133,2.83
merged_structure_ZINC000151425785_uff_E=628.00,-5.8,16.631,13.849
merged_structure_ZINC000151425785_uff_E=628.00,-5.7,16.057,13.116
merged_structure_ZINC000151425794_uff_E=568.18,-6.3,0.0,0.0
merged_structure_ZINC000151425794_uff_E=568.18,-5.9,5.145,3.513
merged_structure_ZINC000151425794_uff_E=568.18,-5.8,4.692,3.304
merged_structure_ZINC000151425794_uff_E=568.18,-5.8,7.203,3.009
merged_structure_ZINC000151425794_uff_E=568.18,-5.7,3.666,2.078
merged_structure_ZINC000151425794_uff_E=568.18,-5.7,7.082,3.158
merged_structure_ZINC000151425794_uff_E=568.18,-5.7,8.703,5.115
merged_structure_ZINC000151425794_uff_E=568.18,-5.7,5.641,3.53
merged_structure_ZINC000151425794_uff_E=568.18,-5.6,4.147,3.314
merged_structure_ZINC000690831341_uff_E=262.66,-5.0,0.0,0.0
merged_structure_ZINC000690831341_uff_E=262.66,-4.9,1.598,1.478
merged_structure_ZINC000690831341_uff_E=262.66,-4.9,2.443,1.896
merged_structure_ZINC000690831341_uff_E=262.66,-4.9,15.776,14.688
merged_structure_ZINC000690831341_uff_E=262.66,-4.7,12.817,11.849
merged_structure_ZINC000690831341_uff_E=262.66,-4.7,2.552,2.009
merged_structure_ZINC000690831341_uff_E=262.66,-4.7,3.048,2.188
merged_structure_ZINC000690831341_uff_E=262.66,-4.6,6.638,3.322
merged_structure_ZINC000690831341_uff_E=262.66,-4.6,3.366,2.212
merged_structure_ZINC000151425808_uff_E=526.78,-7.4,0.0,0.0
merged_structure_ZINC000151425808_uff_E=526.78,-7.2,5.185,3.75
merged_structure_ZINC000151425808_uff_E=526.78,-7.0,8.842,3.334
merged_structure_ZINC000151425808_uff_E=526.78,-6.9,4.451,3.096
merged_structure_ZINC000151425808_uff_E=526.78,-6.9,8.406,3.83
merged_structure_ZINC000151425808_uff_E=526.78,-6.8,8.974,3.428
merged_structure_ZINC000151425808_uff_E=526.78,-6.6,8.496,5.42
merged_structure_ZINC000151425808_uff_E=526.78,-6.6,8.944,5.14
merged_structure_ZINC000151425808_uff_E=526.78,-6.4,6.503,5.183
merged_structure_ZINC001356604510_uff_E=1251.42,-6.2,0.0,0.0
merged_structure_ZINC001356604510_uff_E=1251.42,-6.1,14.029,11.853
merged_structure_ZINC001356604510_uff_E=1251.42,-6.1,3.234,1.774
merged_structure_ZINC001356604510_uff_E=1251.42,-6.1,2.316,1.62
merged_structure_ZINC001356604510_uff_E=1251.42,-6.0,13.979,11.825
merged_structure_ZINC001356604510_uff_E=1251.42,-6.0,3.479,2.164
merged_structure_ZINC001356604510_uff_E=1251.42,-6.0,12.279,10.857
merged_structure_ZINC001356604510_uff_E=1251.42,-5.9,2.844,1.885
merged_structure_ZINC001356604510_uff_E=1251.42,-5.8,14.689,12.558
merged_structure_ZINC000151425811_uff_E=440.61,-6.4,0.0,0.0
merged_structure_ZINC000151425811_uff_E=440.61,-6.3,2.117,1.819
merged_structure_ZINC000151425811_uff_E=440.61,-6.1,7.428,6.284
merged_structure_ZINC000151425811_uff_E=440.61,-6.1,7.611,5.678
merged_structure_ZINC000151425811_uff_E=440.61,-6.0,9.325,6.342
merged_structure_ZINC000151425811_uff_E=440.61,-5.8,13.394,12.237
merged_structure_ZINC000151425811_uff_E=440.61,-5.8,8.358,5.584
merged_structure_ZINC000151425811_uff_E=440.61,-5.8,6.875,4.57
merged_structure_ZINC000151425811_uff_E=440.61,-5.6,10.566,8.189
merged_structure_ZINC000151425851_uff_E=646.09,-6.6,0.0,0.0
merged_structure_ZINC000151425851_uff_E=646.09,-6.4,3.027,1.955
merged_structure_ZINC000151425851_uff_E=646.09,-6.2,8.446,2.721
merged_structure_ZINC000151425851_uff_E=646.09,-6.1,16.302,13.112
merged_structure_ZINC000151425851_uff_E=646.09,-6.0,2.773,2.151
merged_structure_ZINC000151425851_uff_E=646.09,-6.0,3.188,2.648
merged_structure_ZINC000151425851_uff_E=646.09,-5.9,8.485,3.453
merged_structure_ZINC000151425851_uff_E=646.09,-5.7,8.778,4.235
merged_structure_ZINC000151425851_uff_E=646.09,-5.6,16.143,13.342
merged_structure_ZINC000151425863_uff_E=560.25,-6.0,0.0,0.0
merged_structure_ZINC000151425863_uff_E=560.25,-6.0,6.526,3.552
merged_structure_ZINC000151425863_uff_E=560.25,-5.9,5.757,3.577
merged_structure_ZINC000151425863_uff_E=560.25,-5.6,14.071,12.353
merged_structure_ZINC000151425863_uff_E=560.25,-5.6,8.115,3.322
merged_structure_ZINC000151425863_uff_E=560.25,-5.5,8.325,3.577
merged_structure_ZINC000151425863_uff_E=560.25,-5.5,13.981,12.343
merged_structure_ZINC000151425863_uff_E=560.25,-5.5,7.603,2.678
merged_structure_ZINC000151425863_uff_E=560.25,-5.4,8.667,4.246
merged_structure_ZINC000151425867_uff_E=1611.91,-6.1,0.0,0.0
merged_structure_ZINC000151425867_uff_E=1611.91,-6.0,8.875,3.485
merged_structure_ZINC000151425867_uff_E=1611.91,-6.0,3.392,2.979
merged_structure_ZINC000151425867_uff_E=1611.91,-5.9,10.109,3.182
merged_structure_ZINC000151425867_uff_E=1611.91,-5.9,7.36,5.138
merged_structure_ZINC000151425867_uff_E=1611.91,-5.7,6.855,4.539
merged_structure_ZINC000151425867_uff_E=1611.91,-5.7,3.959,2.948
merged_structure_ZINC000151425867_uff_E=1611.91,-5.7,4.286,2.611
merged_structure_ZINC000151425867_uff_E=1611.91,-5.7,7.218,5.481
merged_structure_ZINC001356604511_uff_E=1661.96,-5.7,0.0,0.0
merged_structure_ZINC001356604511_uff_E=1661.96,-5.7,9.489,4.736
merged_structure_ZINC001356604511_uff_E=1661.96,-5.7,5.65,2.426
merged_structure_ZINC001356604511_uff_E=1661.96,-5.6,14.664,12.975
merged_structure_ZINC001356604511_uff_E=1661.96,-5.4,2.498,1.562
merged_structure_ZINC001356604511_uff_E=1661.96,-5.4,9.241,4.705
merged_structure_ZINC001356604511_uff_E=1661.96,-5.4,8.988,6.134
merged_structure_ZINC001356604511_uff_E=1661.96,-5.4,4.891,3.178
merged_structure_ZINC001356604511_uff_E=1661.96,-5.3,9.86,5.794
merged_structure_ZINC001356604512_uff_E=1661.96,-5.5,0.0,0.0
merged_structure_ZINC001356604512_uff_E=1661.96,-5.5,15.416,13.178
merged_structure_ZINC001356604512_uff_E=1661.96,-5.4,5.345,3.279
merged_structure_ZINC001356604512_uff_E=1661.96,-5.4,14.118,12.705
merged_structure_ZINC001356604512_uff_E=1661.96,-5.4,16.244,13.884
merged_structure_ZINC001356604512_uff_E=1661.96,-5.3,16.058,13.862
merged_structure_ZINC001356604512_uff_E=1661.96,-5.2,14.311,11.818
merged_structure_ZINC001356604512_uff_E=1661.96,-5.2,5.379,3.463
merged_structure_ZINC001356604512_uff_E=1661.96,-5.1,13.444,10.782
merged_structure_ZINC001356604513_uff_E=1137.68,-4.8,0.0,0.0
merged_structure_ZINC001356604513_uff_E=1137.68,-4.6,7.419,3.582
merged_structure_ZINC001356604513_uff_E=1137.68,-4.6,3.986,2.152
merged_structure_ZINC001356604513_uff_E=1137.68,-4.6,4.968,2.786
merged_structure_ZINC001356604513_uff_E=1137.68,-4.5,5.159,2.865
merged_structure_ZINC001356604513_uff_E=1137.68,-4.4,6.097,3.91
merged_structure_ZINC001356604513_uff_E=1137.68,-4.3,5.544,2.953
merged_structure_ZINC001356604513_uff_E=1137.68,-4.3,5.057,2.284
merged_structure_ZINC001356604513_uff_E=1137.68,-4.3,3.893,2.754
merged_structure_ZINC000151425944_uff_E=1743.40,-6.0,0.0,0.0
merged_structure_ZINC000151425944_uff_E=1743.40,-5.8,3.672,2.487
merged_structure_ZINC000151425944_uff_E=1743.40,-5.8,11.615,7.762
merged_structure_ZINC000151425944_uff_E=1743.40,-5.8,6.172,4.453
merged_structure_ZINC000151425944_uff_E=1743.40,-5.7,10.821,7.097
merged_structure_ZINC000151425944_uff_E=1743.40,-5.6,4.722,2.876
merged_structure_ZINC000151425944_uff_E=1743.40,-5.6,8.353,4.012
merged_structure_ZINC000151425944_uff_E=1743.40,-5.6,15.321,13.437
merged_structure_ZINC000151425944_uff_E=1743.40,-5.5,6.716,4.549
merged_structure_ZINC001356604514_uff_E=1127.66,-5.2,0.0,0.0
merged_structure_ZINC001356604514_uff_E=1127.66,-4.9,5.323,3.004
merged_structure_ZINC001356604514_uff_E=1127.66,-4.8,3.519,2.518
merged_structure_ZINC001356604514_uff_E=1127.66,-4.8,4.418,3.155
merged_structure_ZINC001356604514_uff_E=1127.66,-4.8,6.073,2.747
merged_structure_ZINC001356604514_uff_E=1127.66,-4.7,3.902,2.84
merged_structure_ZINC001356604514_uff_E=1127.66,-4.6,5.551,2.656
merged_structure_ZINC001356604514_uff_E=1127.66,-4.6,13.736,12.871
merged_structure_ZINC001356604514_uff_E=1127.66,-4.5,5.277,2.721
merged_structure_ZINC000151425962_uff_E=508.08,-6.8,0.0,0.0
merged_structure_ZINC000151425962_uff_E=508.08,-6.8,8.366,3.28
merged_structure_ZINC000151425962_uff_E=508.08,-6.7,2.974,1.758
merged_structure_ZINC000151425962_uff_E=508.08,-6.3,5.088,3.306
merged_structure_ZINC000151425962_uff_E=508.08,-6.3,8.672,3.535
merged_structure_ZINC000151425962_uff_E=508.08,-6.3,3.14,1.659
merged_structure_ZINC000151425962_uff_E=508.08,-6.3,9.041,5.199
merged_structure_ZINC000151425962_uff_E=508.08,-6.2,10.443,5.339
merged_structure_ZINC000151425962_uff_E=508.08,-6.2,6.71,4.508
merged_structure_ZINC001356604515_uff_E=1396.77,-5.2,0.0,0.0
merged_structure_ZINC001356604515_uff_E=1396.77,-5.2,7.325,2.563
merged_structure_ZINC001356604515_uff_E=1396.77,-5.1,14.271,12.163
merged_structure_ZINC001356604515_uff_E=1396.77,-5.1,8.526,3.822
merged_structure_ZINC001356604515_uff_E=1396.77,-5.0,14.566,12.598
merged_structure_ZINC001356604515_uff_E=1396.77,-5.0,3.4,2.61
merged_structure_ZINC001356604515_uff_E=1396.77,-4.9,8.658,4.62
merged_structure_ZINC001356604515_uff_E=1396.77,-4.9,8.804,4.172
merged_structure_ZINC001356604515_uff_E=1396.77,-4.9,3.063,2.264
merged_structure_ZINC000151426010_uff_E=1699.72,-6.3,0.0,0.0
merged_structure_ZINC000151426010_uff_E=1699.72,-6.0,4.874,3.536
merged_structure_ZINC000151426010_uff_E=1699.72,-6.0,8.464,4.213
merged_structure_ZINC000151426010_uff_E=1699.72,-6.0,7.416,4.503
merged_structure_ZINC000151426010_uff_E=1699.72,-6.0,7.774,3.109
merged_structure_ZINC000151426010_uff_E=1699.72,-5.9,6.24,3.685
merged_structure_ZINC000151426010_uff_E=1699.72,-5.9,4.634,3.799
merged_structure_ZINC000151426010_uff_E=1699.72,-5.8,5.484,4.16
merged_structure_ZINC000151426010_uff_E=1699.72,-5.8,6.288,4.883
merged_structure_ZINC001718919958_uff_E=317.54,-5.5,0.0,0.0
merged_structure_ZINC001718919958_uff_E=317.54,-5.4,15.202,13.181
merged_structure_ZINC001718919958_uff_E=317.54,-5.3,4.983,1.917
merged_structure_ZINC001718919958_uff_E=317.54,-5.1,6.152,2.842
merged_structure_ZINC001718919958_uff_E=317.54,-5.1,5.213,2.262
merged_structure_ZINC001718919958_uff_E=317.54,-5.0,15.679,13.54
merged_structure_ZINC001718919958_uff_E=317.54,-4.9,6.917,3.266
merged_structure_ZINC001718919958_uff_E=317.54,-4.9,6.04,3.244
merged_structure_ZINC001718919958_uff_E=317.54,-4.9,8.753,3.891
merged_structure_ZINC000151426045_uff_E=564.55,-5.8,0.0,0.0
merged_structure_ZINC000151426045_uff_E=564.55,-5.6,14.814,13.44
merged_structure_ZINC000151426045_uff_E=564.55,-5.6,14.013,11.827
merged_structure_ZINC000151426045_uff_E=564.55,-5.5,14.857,12.797
merged_structure_ZINC000151426045_uff_E=564.55,-5.5,4.092,1.703
merged_structure_ZINC000151426045_uff_E=564.55,-5.3,2.456,1.503
merged_structure_ZINC000151426045_uff_E=564.55,-5.3,4.292,2.014
merged_structure_ZINC000151426045_uff_E=564.55,-5.3,3.875,2.205
merged_structure_ZINC000151426045_uff_E=564.55,-5.2,4.41,1.557
merged_structure_ZINC000151426051_uff_E=548.78,-6.9,0.0,0.0
merged_structure_ZINC000151426051_uff_E=548.78,-6.8,4.625,3.315
merged_structure_ZINC000151426051_uff_E=548.78,-6.7,8.141,3.52
merged_structure_ZINC000151426051_uff_E=548.78,-6.7,3.769,2.675
merged_structure_ZINC000151426051_uff_E=548.78,-6.7,8.63,3.344
merged_structure_ZINC000151426051_uff_E=548.78,-6.6,2.368,1.259
merged_structure_ZINC000151426051_uff_E=548.78,-6.6,2.9,2.059
merged_structure_ZINC000151426051_uff_E=548.78,-6.5,9.131,6.184
merged_structure_ZINC000151426051_uff_E=548.78,-6.5,9.86,4.603
merged_structure_ZINC000151426058_uff_E=606.15,-6.4,0.0,0.0
merged_structure_ZINC000151426058_uff_E=606.15,-6.0,1.872,1.564
merged_structure_ZINC000151426058_uff_E=606.15,-5.9,3.724,1.939
merged_structure_ZINC000151426058_uff_E=606.15,-5.9,7.831,3.529
merged_structure_ZINC000151426058_uff_E=606.15,-5.7,8.913,5.855
merged_structure_ZINC000151426058_uff_E=606.15,-5.7,4.67,2.937
merged_structure_ZINC000151426058_uff_E=606.15,-5.7,6.87,3.168
merged_structure_ZINC000151426058_uff_E=606.15,-5.6,8.478,4.048
merged_structure_ZINC000151426058_uff_E=606.15,-5.5,8.478,4.399
merged_structure_ZINC001718919959_uff_E=322.32,-5.2,0.0,0.0
merged_structure_ZINC001718919959_uff_E=322.32,-5.2,5.642,3.203
merged_structure_ZINC001718919959_uff_E=322.32,-5.2,6.376,3.957
merged_structure_ZINC001718919959_uff_E=322.32,-5.0,5.576,2.378
merged_structure_ZINC001718919959_uff_E=322.32,-5.0,6.877,4.153
merged_structure_ZINC001718919959_uff_E=322.32,-5.0,5.962,3.646
merged_structure_ZINC001718919959_uff_E=322.32,-4.9,12.574,10.803
merged_structure_ZINC001718919959_uff_E=322.32,-4.9,7.1,4.82
merged_structure_ZINC001718919959_uff_E=322.32,-4.9,6.4,4.392
merged_structure_ZINC001718919960_uff_E=339.18,-5.5,0.0,0.0
merged_structure_ZINC001718919960_uff_E=339.18,-5.4,3.161,2.023
merged_structure_ZINC001718919960_uff_E=339.18,-5.2,2.8,1.692
merged_structure_ZINC001718919960_uff_E=339.18,-5.2,3.068,2.112
merged_structure_ZINC001718919960_uff_E=339.18,-5.2,4.149,2.416
merged_structure_ZINC001718919960_uff_E=339.18,-5.2,13.918,12.102
merged_structure_ZINC001718919960_uff_E=339.18,-5.1,14.142,11.877
merged_structure_ZINC001718919960_uff_E=339.18,-5.1,2.759,1.805
merged_structure_ZINC001718919960_uff_E=339.18,-5.0,8.626,2.704
merged_structure_ZINC000151426130_uff_E=262.39,-5.9,0.0,0.0
merged_structure_ZINC000151426130_uff_E=262.39,-5.6,4.921,2.259
merged_structure_ZINC000151426130_uff_E=262.39,-5.3,5.232,2.337
merged_structure_ZINC000151426130_uff_E=262.39,-5.3,15.403,13.467
merged_structure_ZINC000151426130_uff_E=262.39,-5.2,4.806,1.965
merged_structure_ZINC000151426130_uff_E=262.39,-5.2,4.971,2.359
merged_structure_ZINC000151426130_uff_E=262.39,-5.1,4.741,1.998
merged_structure_ZINC000151426130_uff_E=262.39,-5.1,4.864,2.353
merged_structure_ZINC000151426130_uff_E=262.39,-5.1,4.923,2.656
merged_structure_ZINC000151426138_uff_E=583.65,-7.6,0.0,0.0
merged_structure_ZINC000151426138_uff_E=583.65,-7.1,3.521,2.448
merged_structure_ZINC000151426138_uff_E=583.65,-7.0,3.001,1.982
merged_structure_ZINC000151426138_uff_E=583.65,-7.0,8.489,3.255
merged_structure_ZINC000151426138_uff_E=583.65,-6.9,8.387,3.224
merged_structure_ZINC000151426138_uff_E=583.65,-6.7,8.164,5.822
merged_structure_ZINC000151426138_uff_E=583.65,-6.6,10.224,5.757
merged_structure_ZINC000151426138_uff_E=583.65,-6.6,9.847,5.267
merged_structure_ZINC000151426138_uff_E=583.65,-6.6,10.733,5.54
merged_structure_ZINC000151426172_uff_E=191.20,-5.7,0.0,0.0
merged_structure_ZINC000151426172_uff_E=191.20,-5.5,2.736,1.947
merged_structure_ZINC000151426172_uff_E=191.20,-5.5,5.76,3.292
merged_structure_ZINC000151426172_uff_E=191.20,-5.4,6.041,2.9
merged_structure_ZINC000151426172_uff_E=191.20,-5.4,2.203,1.772
merged_structure_ZINC000151426172_uff_E=191.20,-5.4,9.34,4.318
merged_structure_ZINC000151426172_uff_E=191.20,-5.4,2.927,2.15
merged_structure_ZINC000151426172_uff_E=191.20,-5.3,1.682,1.221
merged_structure_ZINC000151426172_uff_E=191.20,-5.3,4.948,3.024
merged_structure_ZINC001718919961_uff_E=341.57,-5.2,0.0,0.0
merged_structure_ZINC001718919961_uff_E=341.57,-5.1,5.667,3.068
merged_structure_ZINC001718919961_uff_E=341.57,-5.1,2.14,1.488
merged_structure_ZINC001718919961_uff_E=341.57,-5.0,3.855,2.276
merged_structure_ZINC001718919961_uff_E=341.57,-5.0,7.417,2.228
merged_structure_ZINC001718919961_uff_E=341.57,-5.0,4.265,2.658
merged_structure_ZINC001718919961_uff_E=341.57,-5.0,4.055,2.252
merged_structure_ZINC001718919961_uff_E=341.57,-4.9,4.477,2.245
merged_structure_ZINC001718919961_uff_E=341.57,-4.9,3.772,2.673
merged_structure_ZINC000151426193_uff_E=307.62,-5.6,0.0,0.0
merged_structure_ZINC000151426193_uff_E=307.62,-5.5,14.456,13.315
merged_structure_ZINC000151426193_uff_E=307.62,-5.5,14.521,12.919
merged_structure_ZINC000151426193_uff_E=307.62,-5.5,16.028,14.382
merged_structure_ZINC000151426193_uff_E=307.62,-5.5,14.364,12.899
merged_structure_ZINC000151426193_uff_E=307.62,-5.4,14.054,12.781
merged_structure_ZINC000151426193_uff_E=307.62,-5.4,15.547,13.97
merged_structure_ZINC000151426193_uff_E=307.62,-5.4,4.027,2.204
merged_structure_ZINC000151426193_uff_E=307.62,-5.3,14.507,13.097
merged_structure_ZINC000151426219_uff_E=548.83,-7.3,0.0,0.0
merged_structure_ZINC000151426219_uff_E=548.83,-7.3,7.617,3.185
merged_structure_ZINC000151426219_uff_E=548.83,-7.2,7.689,2.934
merged_structure_ZINC000151426219_uff_E=548.83,-7.1,5.399,3.437
merged_structure_ZINC000151426219_uff_E=548.83,-7.1,4.015,2.761
merged_structure_ZINC000151426219_uff_E=548.83,-6.9,7.617,3.509
merged_structure_ZINC000151426219_uff_E=548.83,-6.8,7.581,2.906
merged_structure_ZINC000151426219_uff_E=548.83,-6.5,14.98,12.804
merged_structure_ZINC000151426219_uff_E=548.83,-6.5,7.535,3.083
merged_structure_ZINC000151426227_uff_E=404.53,-6.1,0.0,0.0
merged_structure_ZINC000151426227_uff_E=404.53,-6.1,3.514,2.68
merged_structure_ZINC000151426227_uff_E=404.53,-5.8,6.823,2.985
merged_structure_ZINC000151426227_uff_E=404.53,-5.7,6.786,3.282
merged_structure_ZINC000151426227_uff_E=404.53,-5.7,4.659,2.943
merged_structure_ZINC000151426227_uff_E=404.53,-5.6,3.74,2.399
merged_structure_ZINC000151426227_uff_E=404.53,-5.6,4.297,2.645
merged_structure_ZINC000151426227_uff_E=404.53,-5.5,7.278,3.379
merged_structure_ZINC000151426227_uff_E=404.53,-5.5,8.307,4.094
merged_structure_ZINC000151426230_uff_E=223.16,-6.4,0.0,0.0
merged_structure_ZINC000151426230_uff_E=223.16,-6.3,3.821,2.125
merged_structure_ZINC000151426230_uff_E=223.16,-6.3,7.436,2.624
merged_structure_ZINC000151426230_uff_E=223.16,-6.3,8.282,2.173
merged_structure_ZINC000151426230_uff_E=223.16,-6.2,7.783,2.804
merged_structure_ZINC000151426230_uff_E=223.16,-6.1,4.398,3.326
merged_structure_ZINC000151426230_uff_E=223.16,-6.0,6.142,3.811
merged_structure_ZINC000151426230_uff_E=223.16,-6.0,7.304,4.362
merged_structure_ZINC000151426230_uff_E=223.16,-6.0,2.989,2.066
merged_structure_ZINC000151426241_uff_E=218.22,-6.0,0.0,0.0
merged_structure_ZINC000151426241_uff_E=218.22,-5.9,7.548,2.629
merged_structure_ZINC000151426241_uff_E=218.22,-5.9,7.764,2.599
merged_structure_ZINC000151426241_uff_E=218.22,-5.6,12.082,7.963
merged_structure_ZINC000151426241_uff_E=218.22,-5.6,7.748,2.676
merged_structure_ZINC000151426241_uff_E=218.22,-5.6,9.534,4.987
merged_structure_ZINC000151426241_uff_E=218.22,-5.5,13.793,9.931
merged_structure_ZINC000151426241_uff_E=218.22,-5.5,14.669,12.556
merged_structure_ZINC000151426241_uff_E=218.22,-5.5,12.118,7.653
merged_structure_ZINC000151426242_uff_E=1881.39,-6.3,0.0,0.0
merged_structure_ZINC000151426242_uff_E=1881.39,-6.3,7.723,3.435
merged_structure_ZINC000151426242_uff_E=1881.39,-6.2,5.435,3.986
merged_structure_ZINC000151426242_uff_E=1881.39,-6.1,6.664,3.594
merged_structure_ZINC000151426242_uff_E=1881.39,-5.9,13.1,11.63
merged_structure_ZINC000151426242_uff_E=1881.39,-5.9,4.174,3.131
merged_structure_ZINC000151426242_uff_E=1881.39,-5.9,7.095,3.02
merged_structure_ZINC000151426242_uff_E=1881.39,-5.9,7.565,4.342
merged_structure_ZINC000151426242_uff_E=1881.39,-5.9,5.819,4.532
merged_structure_ZINC000151426243_uff_E=379.35,-6.3,0.0,0.0
merged_structure_ZINC000151426243_uff_E=379.35,-6.3,6.364,4.406
merged_structure_ZINC000151426243_uff_E=379.35,-6.2,5.544,3.833
merged_structure_ZINC000151426243_uff_E=379.35,-6.2,8.99,4.503
merged_structure_ZINC000151426243_uff_E=379.35,-6.1,4.032,2.278
merged_structure_ZINC000151426243_uff_E=379.35,-6.1,6.466,4.536
merged_structure_ZINC000151426243_uff_E=379.35,-6.0,1.956,1.62
merged_structure_ZINC000151426243_uff_E=379.35,-6.0,3.959,2.382
merged_structure_ZINC000151426243_uff_E=379.35,-6.0,5.302,3.569
merged_structure_ZINC000151426297_uff_E=613.15,-6.4,0.0,0.0
merged_structure_ZINC000151426297_uff_E=613.15,-6.3,2.929,1.85
merged_structure_ZINC000151426297_uff_E=613.15,-6.2,3.27,2.291
merged_structure_ZINC000151426297_uff_E=613.15,-6.1,15.555,13.558
merged_structure_ZINC000151426297_uff_E=613.15,-6.1,3.997,2.689
merged_structure_ZINC000151426297_uff_E=613.15,-6.0,9.17,4.821
merged_structure_ZINC000151426297_uff_E=613.15,-6.0,15.895,13.25
merged_structure_ZINC000151426297_uff_E=613.15,-6.0,3.192,2.038
merged_structure_ZINC000151426297_uff_E=613.15,-5.9,12.459,8.942
merged_structure_ZINC000151426306_uff_E=384.10,-5.9,0.0,0.0
merged_structure_ZINC000151426306_uff_E=384.10,-5.8,2.401,2.018
merged_structure_ZINC000151426306_uff_E=384.10,-5.7,7.583,3.228
merged_structure_ZINC000151426306_uff_E=384.10,-5.7,7.47,2.22
merged_structure_ZINC000151426306_uff_E=384.10,-5.6,8.348,2.335
merged_structure_ZINC000151426306_uff_E=384.10,-5.6,7.659,1.901
merged_structure_ZINC000151426306_uff_E=384.10,-5.5,8.168,3.523
merged_structure_ZINC000151426306_uff_E=384.10,-5.5,7.464,3.019
merged_structure_ZINC000151426306_uff_E=384.10,-5.4,7.486,2.629
merged_structure_ZINC000151426317_uff_E=1928.08,-6.3,0.0,0.0
merged_structure_ZINC000151426317_uff_E=1928.08,-6.3,8.046,4.118
merged_structure_ZINC000151426317_uff_E=1928.08,-6.2,8.231,3.615
merged_structure_ZINC000151426317_uff_E=1928.08,-6.1,4.513,3.241
merged_structure_ZINC000151426317_uff_E=1928.08,-6.1,3.5,2.599
merged_structure_ZINC000151426317_uff_E=1928.08,-6.1,3.922,3.037
merged_structure_ZINC000151426317_uff_E=1928.08,-6.0,8.574,3.171
merged_structure_ZINC000151426317_uff_E=1928.08,-5.9,4.889,3.495
merged_structure_ZINC000151426317_uff_E=1928.08,-5.8,8.531,3.868
merged_structure_ZINC000151426320_uff_E=222.81,-5.6,0.0,0.0
merged_structure_ZINC000151426320_uff_E=222.81,-5.5,3.527,2.181
merged_structure_ZINC000151426320_uff_E=222.81,-5.4,5.53,2.905
merged_structure_ZINC000151426320_uff_E=222.81,-5.1,4.526,2.383
merged_structure_ZINC000151426320_uff_E=222.81,-5.1,3.022,2.138
merged_structure_ZINC000151426320_uff_E=222.81,-5.1,5.639,2.607
merged_structure_ZINC000151426320_uff_E=222.81,-5.1,5.405,2.609
merged_structure_ZINC000151426320_uff_E=222.81,-5.0,4.833,2.704
merged_structure_ZINC000151426320_uff_E=222.81,-5.0,15.664,13.512
merged_structure_ZINC000151426329_uff_E=576.97,-6.0,0.0,0.0
merged_structure_ZINC000151426329_uff_E=576.97,-6.0,9.289,4.451
merged_structure_ZINC000151426329_uff_E=576.97,-6.0,13.124,11.978
merged_structure_ZINC000151426329_uff_E=576.97,-5.9,7.178,5.704
merged_structure_ZINC000151426329_uff_E=576.97,-5.8,6.758,5.468
merged_structure_ZINC000151426329_uff_E=576.97,-5.7,4.138,2.783
merged_structure_ZINC000151426329_uff_E=576.97,-5.6,11.884,11.001
merged_structure_ZINC000151426329_uff_E=576.97,-5.6,13.011,11.946
merged_structure_ZINC000151426329_uff_E=576.97,-5.4,13.358,12.408
merged_structure_ZINC000151426370_uff_E=424.32,-6.2,0.0,0.0
merged_structure_ZINC000151426370_uff_E=424.32,-6.2,6.025,3.951
merged_structure_ZINC000151426370_uff_E=424.32,-6.0,5.955,3.671
merged_structure_ZINC000151426370_uff_E=424.32,-5.9,7.313,2.678
merged_structure_ZINC000151426370_uff_E=424.32,-5.7,8.037,4.051
merged_structure_ZINC000151426370_uff_E=424.32,-5.7,8.836,5.209
merged_structure_ZINC000151426370_uff_E=424.32,-5.6,10.946,6.336
merged_structure_ZINC000151426370_uff_E=424.32,-5.6,5.768,3.874
merged_structure_ZINC000151426370_uff_E=424.32,-5.6,6.774,4.552
merged_structure_ZINC000151431166_uff_E=240.88,-5.5,0.0,0.0
merged_structure_ZINC000151431166_uff_E=240.88,-5.2,6.602,4.656
merged_structure_ZINC000151431166_uff_E=240.88,-5.2,13.306,11.957
merged_structure_ZINC000151431166_uff_E=240.88,-5.2,6.623,2.639
merged_structure_ZINC000151431166_uff_E=240.88,-5.2,5.608,3.611
merged_structure_ZINC000151431166_uff_E=240.88,-5.1,6.011,3.669
merged_structure_ZINC000151431166_uff_E=240.88,-5.1,5.494,3.431
merged_structure_ZINC000151431166_uff_E=240.88,-5.1,4.931,3.137
merged_structure_ZINC000151431166_uff_E=240.88,-5.1,14.874,13.164
merged_structure_ZINC000151426380_uff_E=542.20,-6.2,0.0,0.0
merged_structure_ZINC000151426380_uff_E=542.20,-6.1,3.109,2.303
merged_structure_ZINC000151426380_uff_E=542.20,-6.0,14.27,11.655
merged_structure_ZINC000151426380_uff_E=542.20,-6.0,13.93,11.447
merged_structure_ZINC000151426380_uff_E=542.20,-5.8,3.64,2.479
merged_structure_ZINC000151426380_uff_E=542.20,-5.8,8.538,2.041
merged_structure_ZINC000151426380_uff_E=542.20,-5.7,13.18,11.808
merged_structure_ZINC000151426380_uff_E=542.20,-5.7,8.43,3.095
merged_structure_ZINC000151426380_uff_E=542.20,-5.6,14.752,10.854
merged_structure_ZINC000151426392_uff_E=193.54,-6.4,0.0,0.0
merged_structure_ZINC000151426392_uff_E=193.54,-6.3,5.38,3.987
merged_structure_ZINC000151426392_uff_E=193.54,-6.1,7.548,3.71
merged_structure_ZINC000151426392_uff_E=193.54,-6.1,7.337,2.84
merged_structure_ZINC000151426392_uff_E=193.54,-5.9,3.87,2.323
merged_structure_ZINC000151426392_uff_E=193.54,-5.8,2.221,1.655
merged_structure_ZINC000151426392_uff_E=193.54,-5.8,6.982,4.441
merged_structure_ZINC000151426392_uff_E=193.54,-5.7,7.233,3.49
merged_structure_ZINC000151426392_uff_E=193.54,-5.6,7.406,2.574
merged_structure_ZINC000151426399_uff_E=173.48,-6.3,0.0,0.0
merged_structure_ZINC000151426399_uff_E=173.48,-6.3,7.208,4.682
merged_structure_ZINC000151426399_uff_E=173.48,-6.2,6.259,3.347
merged_structure_ZINC000151426399_uff_E=173.48,-6.1,3.044,2.149
merged_structure_ZINC000151426399_uff_E=173.48,-5.9,6.588,2.992
merged_structure_ZINC000151426399_uff_E=173.48,-5.9,7.425,3.464
merged_structure_ZINC000151426399_uff_E=173.48,-5.8,15.095,12.943
merged_structure_ZINC000151426399_uff_E=173.48,-5.8,12.545,8.036
merged_structure_ZINC000151426399_uff_E=173.48,-5.8,6.561,3.513
merged_structure_ZINC000151426407_uff_E=1923.42,-5.6,0.0,0.0
merged_structure_ZINC000151426407_uff_E=1923.42,-5.4,6.729,3.607
merged_structure_ZINC000151426407_uff_E=1923.42,-5.3,6.964,4.383
merged_structure_ZINC000151426407_uff_E=1923.42,-5.3,7.229,4.136
merged_structure_ZINC000151426407_uff_E=1923.42,-5.1,5.858,4.666
merged_structure_ZINC000151426407_uff_E=1923.42,-5.0,6.535,4.365
merged_structure_ZINC000151426407_uff_E=1923.42,-5.0,7.175,5.918
merged_structure_ZINC000151426407_uff_E=1923.42,-4.9,5.959,3.831
merged_structure_ZINC000151426407_uff_E=1923.42,-4.9,3.657,3.156
merged_structure_ZINC000151426408_uff_E=540.45,-5.6,0.0,0.0
merged_structure_ZINC000151426408_uff_E=540.45,-5.5,14.704,13.148
merged_structure_ZINC000151426408_uff_E=540.45,-5.5,2.248,1.893
merged_structure_ZINC000151426408_uff_E=540.45,-5.4,3.201,2.296
merged_structure_ZINC000151426408_uff_E=540.45,-5.4,3.514,2.6
merged_structure_ZINC000151426408_uff_E=540.45,-5.4,14.771,13.416
merged_structure_ZINC000151426408_uff_E=540.45,-5.4,7.849,2.896
merged_structure_ZINC000151426408_uff_E=540.45,-5.4,15.347,13.75
merged_structure_ZINC000151426408_uff_E=540.45,-5.3,13.672,12.119
merged_structure_ZINC000151426415_uff_E=670.97,-7.0,0.0,0.0
merged_structure_ZINC000151426415_uff_E=670.97,-6.4,6.539,3.256
merged_structure_ZINC000151426415_uff_E=670.97,-6.4,1.826,1.473
merged_structure_ZINC000151426415_uff_E=670.97,-6.2,15.154,13.337
merged_structure_ZINC000151426415_uff_E=670.97,-6.1,3.107,1.894
merged_structure_ZINC000151426415_uff_E=670.97,-6.0,6.431,2.899
merged_structure_ZINC000151426415_uff_E=670.97,-6.0,15.385,13.16
merged_structure_ZINC000151426415_uff_E=670.97,-6.0,3.381,2.54
merged_structure_ZINC000151426415_uff_E=670.97,-5.8,14.734,13.756
merged_structure_ZINC000151426425_uff_E=336.59,-5.5,0.0,0.0
merged_structure_ZINC000151426425_uff_E=336.59,-5.5,7.354,3.89
merged_structure_ZINC000151426425_uff_E=336.59,-5.5,5.736,3.124
merged_structure_ZINC000151426425_uff_E=336.59,-5.2,5.241,2.301
merged_structure_ZINC000151426425_uff_E=336.59,-5.1,4.725,2.751
merged_structure_ZINC000151426425_uff_E=336.59,-5.1,5.271,2.524
merged_structure_ZINC000151426425_uff_E=336.59,-5.1,6.319,3.327
merged_structure_ZINC000151426425_uff_E=336.59,-5.1,14.708,12.418
merged_structure_ZINC000151426425_uff_E=336.59,-5.0,6.056,3.159
merged_structure_ZINC000151426438_uff_E=438.26,-5.7,0.0,0.0
merged_structure_ZINC000151426438_uff_E=438.26,-5.7,6.602,2.686
merged_structure_ZINC000151426438_uff_E=438.26,-5.4,4.101,2.616
merged_structure_ZINC000151426438_uff_E=438.26,-5.3,5.716,1.95
merged_structure_ZINC000151426438_uff_E=438.26,-5.3,3.116,2.488
merged_structure_ZINC000151426438_uff_E=438.26,-5.3,5.093,2.483
merged_structure_ZINC000151426438_uff_E=438.26,-5.3,4.99,3.264
merged_structure_ZINC000151426438_uff_E=438.26,-5.2,14.281,12.065
merged_structure_ZINC000151426438_uff_E=438.26,-5.0,6.132,2.561
merged_structure_ZINC000151426455_uff_E=412.20,-5.9,0.0,0.0
merged_structure_ZINC000151426455_uff_E=412.20,-5.9,2.031,1.956
merged_structure_ZINC000151426455_uff_E=412.20,-5.9,8.306,2.876
merged_structure_ZINC000151426455_uff_E=412.20,-5.7,4.646,3.12
merged_structure_ZINC000151426455_uff_E=412.20,-5.7,4.398,3.187
merged_structure_ZINC000151426455_uff_E=412.20,-5.6,16.528,14.634
merged_structure_ZINC000151426455_uff_E=412.20,-5.5,7.035,4.932
merged_structure_ZINC000151426455_uff_E=412.20,-5.5,8.477,3.434
merged_structure_ZINC000151426455_uff_E=412.20,-5.5,4.802,3.388
merged_structure_ZINC000151426479_uff_E=1887.11,-5.7,0.0,0.0
merged_structure_ZINC000151426479_uff_E=1887.11,-5.5,5.692,4.03
merged_structure_ZINC000151426479_uff_E=1887.11,-5.5,5.478,4.015
merged_structure_ZINC000151426479_uff_E=1887.11,-5.4,2.595,1.867
merged_structure_ZINC000151426479_uff_E=1887.11,-5.3,14.927,13.582
merged_structure_ZINC000151426479_uff_E=1887.11,-5.3,5.714,4.023
merged_structure_ZINC000151426479_uff_E=1887.11,-5.2,5.608,4.414
merged_structure_ZINC000151426479_uff_E=1887.11,-5.1,9.077,6.179
merged_structure_ZINC000151426479_uff_E=1887.11,-5.1,3.241,2.549
merged_structure_ZINC000151426484_uff_E=439.10,-6.5,0.0,0.0
merged_structure_ZINC000151426484_uff_E=439.10,-6.0,6.634,3.347
merged_structure_ZINC000151426484_uff_E=439.10,-6.0,6.261,3.475
merged_structure_ZINC000151426484_uff_E=439.10,-5.7,7.667,5.209
merged_structure_ZINC000151426484_uff_E=439.10,-5.7,16.085,13.923
merged_structure_ZINC000151426484_uff_E=439.10,-5.6,7.283,3.472
merged_structure_ZINC000151426484_uff_E=439.10,-5.6,14.646,13.127
merged_structure_ZINC000151426484_uff_E=439.10,-5.6,6.949,3.996
merged_structure_ZINC000151426484_uff_E=439.10,-5.5,5.515,3.343
merged_structure_ZINC000151426485_uff_E=526.67,-7.0,0.0,0.0
merged_structure_ZINC000151426485_uff_E=526.67,-6.5,5.623,2.301
merged_structure_ZINC000151426485_uff_E=526.67,-6.5,14.654,13.057
merged_structure_ZINC000151426485_uff_E=526.67,-6.4,7.572,4.481
merged_structure_ZINC000151426485_uff_E=526.67,-6.4,8.489,4.876
merged_structure_ZINC000151426485_uff_E=526.67,-6.3,15.873,13.683
merged_structure_ZINC000151426485_uff_E=526.67,-6.3,6.931,5.113
merged_structure_ZINC000151426485_uff_E=526.67,-6.3,7.495,4.653
merged_structure_ZINC000151426485_uff_E=526.67,-6.3,7.149,4.803
