chain, residue_label, residue_name, score, zscore, probability, pocket
A,    6, GLN,  0.4322,  -0.1313,   0.0317, 0
A,    7, CYS,  0.4147,  -0.1391,   0.0294, 0
A,    8, VAL,  0.2854,  -0.1968,   0.0155, 0
A,    9, ASN,  1.1594,   0.1934,   0.1940, 0
A,   10, LEU,  0.7995,   0.0327,   0.1011, 0
A,   11, THR,  0.8164,   0.0402,   0.1051, 29
A,   12, THR,  0.8770,   0.0673,   0.1201, 0
A,   13, ARG,  1.1779,   0.2016,   0.1989, 29
A,   14, THR,  0.5814,  -0.0647,   0.0548, 0
A,   15, GLN,  0.3983,  -0.1464,   0.0275, 0
A,   16, LEU,  0.4009,  -0.1453,   0.0278, 0
A,   17, TYR,  0.2604,  -0.2080,   0.0133, 0
A,   18, THR,  0.3619,  -0.1627,   0.0231, 0
A,   19, ASN,  0.4740,  -0.1127,   0.0374, 0
A,   20, THR,  0.6897,  -0.0164,   0.0761, 0
A,   21, ARG,  0.7229,  -0.0015,   0.0833, 0
A,   22, GLY,  0.5475,  -0.0798,   0.0489, 0
A,   23, ASP,  0.5289,  -0.0881,   0.0458, 0
A,   24, LYS,  0.2986,  -0.1909,   0.0167, 0
A,   25, VAL,  0.2735,  -0.2021,   0.0144, 0
A,   26, SER,  0.4333,  -0.1308,   0.0318, 0
A,   27, SER,  0.3513,  -0.1674,   0.0220, 0
A,   28, VAL,  0.2886,  -0.1954,   0.0158, 0
A,   29, PHE,  0.3271,  -0.1782,   0.0195, 0
A,   30, LEU,  0.8016,   0.0336,   0.1016, 0
A,   31, PRO,  0.5019,  -0.1002,   0.0416, 0
A,   32, PHE,  0.4096,  -0.1414,   0.0288, 0
A,   33, PHE,  0.4245,  -0.1347,   0.0307, 0
A,   34, SER,  0.5445,  -0.0812,   0.0484, 0
A,   35, ASN,  0.7285,   0.0010,   0.0846, 0
A,   36, VAL,  0.5832,  -0.0639,   0.0551, 0
A,   37, THR,  0.6649,  -0.0274,   0.0709, 0
A,   38, ALA,  0.1378,  -0.2627,   0.0051, 0
A,   39, ILE,  0.6931,  -0.0148,   0.0768, 0
A,   40, VAL,  0.8324,   0.0473,   0.1090, 0
A,   41, SER,  0.9383,   0.0946,   0.1358, 0
A,   42, GLY,  0.5404,  -0.0830,   0.0477, 0
A,   43, THR,  0.2723,  -0.2027,   0.0143, 0
A,   44, ASN,  0.2234,  -0.2245,   0.0105, 0
A,   45, GLY,  0.5357,  -0.0851,   0.0469, 0
A,   46, THR,  0.9242,   0.0884,   0.1322, 0
A,   47, LYS,  1.1989,   0.2110,   0.2045, 0
A,   48, ASP,  0.8153,   0.0397,   0.1048, 0
A,   49, ASN,  0.9187,   0.0859,   0.1308, 29
A,   50, PHE,  0.6729,  -0.0239,   0.0726, 0
A,   51, ASN,  1.5858,   0.3837,   0.3044, 0
A,   52, ASP,  1.2680,   0.2418,   0.2227, 0
A,   53, VAL,  1.0524,   0.1456,   0.1658, 0
A,   54, TYR,  1.5712,   0.3772,   0.3008, 0
A,   55, PHE,  1.1673,   0.1969,   0.1961, 0
A,   56, ALA,  0.7595,   0.0148,   0.0916, 0
A,   57, GLU,  0.6690,  -0.0256,   0.0718, 0
A,   58, ILE,  1.0846,   0.1599,   0.1743, 0
A,   59, ARG,  1.3452,   0.2763,   0.2430, 28
A,   60, PHE,  0.5777,  -0.0663,   0.0541, 0
A,   61, ILE,  0.7973,   0.0317,   0.1006, 0
A,   62, LYS,  0.4139,  -0.1395,   0.0293, 0
A,   63, VAL,  0.4398,  -0.1279,   0.0327, 0
A,   64, GLU,  0.4139,  -0.1395,   0.0293, 0
A,   65, ASP,  0.4549,  -0.1212,   0.0348, 0
A,   66, PRO,  0.8794,   0.0684,   0.1208, 0
A,   67, PHE,  0.8122,   0.0384,   0.1041, 0
A,   68, LEU,  1.9963,   0.5669,   0.3976, 0
A,   69, VAL,  1.1803,   0.2027,   0.1996, 0
A,   70, TYR,  0.9045,   0.0795,   0.1273, 28
A,   71, TYR,  0.4319,  -0.1314,   0.0316, 0
A,   72, HIS,  0.3353,  -0.1746,   0.0203, 0
A,   73, LYS,  0.1601,  -0.2528,   0.0063, 0
A,   74, ASN,  0.0960,  -0.2814,   0.0032, 0
A,   75, ASN,  0.2130,  -0.2291,   0.0097, 0
A,   76, LYS,  0.2761,  -0.2010,   0.0147, 28
A,   77, GLU,  0.2647,  -0.2061,   0.0137, 0
A,   78, PHE,  1.5275,   0.3576,   0.2899, 28
A,   79, ARG,  0.7903,   0.0286,   0.0990, 0
A,   80, PHE,  0.6379,  -0.0395,   0.0655, 28
A,   81, GLU,  0.4769,  -0.1113,   0.0378, 0
A,   82, TYR,  0.3331,  -0.1755,   0.0201, 0
A,   83, VAL,  0.4676,  -0.1155,   0.0365, 0
A,   84, GLN,  0.7131,  -0.0059,   0.0811, 0
A,   85, PRO,  0.2020,  -0.2340,   0.0089, 0
A,   86, ASN,  0.1697,  -0.2485,   0.0069, 0
A,   87, PHE,  0.8130,   0.0387,   0.1043, 0
A,   88, VAL,  0.3364,  -0.1741,   0.0204, 0
A,   89, HIS,  0.7685,   0.0188,   0.0937, 0
A,   90, ARG,  0.7579,   0.0141,   0.0912, 0
A,   91, GLN,  0.5337,  -0.0860,   0.0466, 0
A,   92, GLY,  0.2141,  -0.2287,   0.0098, 0
A,   93, ALA,  0.5158,  -0.0940,   0.0438, 0
A,   94, LEU,  0.5628,  -0.0730,   0.0516, 0
A,   95, ILE,  0.6628,  -0.0283,   0.0705, 0
A,   96, GLY,  0.2948,  -0.1926,   0.0163, 0
A,   97, ILE,  0.3340,  -0.1751,   0.0202, 0
A,   98, ASN,  0.1317,  -0.2654,   0.0049, 0
A,   99, ILE,  0.6066,  -0.0534,   0.0594, 0
A,  100, THR,  0.5844,  -0.0634,   0.0553, 0
A,  101, THR,  0.7567,   0.0136,   0.0909, 0
A,  102, THR,  1.3608,   0.2832,   0.2471, 29
A,  103, PRO,  0.3377,  -0.1735,   0.0206, 29
A,  104, GLY,  0.3975,  -0.1468,   0.0274, 29
A,  105, ASP,  0.9693,   0.1085,   0.1439, 0
A,  106, SER,  1.5220,   0.3552,   0.2886, 0
A,  107, SER,  1.3398,   0.2739,   0.2416, 0
A,  108, SER,  0.6091,  -0.0523,   0.0599, 0
A,  109, GLY,  0.8446,   0.0528,   0.1121, 0
A,  110, THR,  0.8944,   0.0751,   0.1247, 0
A,  111, ALA,  0.8700,   0.0641,   0.1184, 0
A,  112, ALA,  0.8449,   0.0529,   0.1122, 0
A,  113, ALA,  0.3417,  -0.1717,   0.0210, 0
A,  114, TYR,  1.1115,   0.1720,   0.1814, 0
A,  115, TYR,  1.3925,   0.2974,   0.2554, 0
A,  116, GLY,  1.3006,   0.2564,   0.2314, 0
A,  117, TYR,  1.9944,   0.5661,   0.3971, 0
A,  118, LEU,  1.1997,   0.2113,   0.2047, 0
A,  119, GLN,  0.5967,  -0.0579,   0.0576, 0
A,  120, GLY,  0.2550,  -0.2104,   0.0129, 0
A,  121, ILE,  0.3722,  -0.1581,   0.0243, 0
A,  122, THR,  0.1851,  -0.2416,   0.0078, 0
A,  123, ALA,  0.1108,  -0.2748,   0.0039, 0
A,  124, LEU,  0.1795,  -0.2441,   0.0075, 0
A,  125, VAL,  0.0772,  -0.2898,   0.0025, 0
A,  126, GLU,  0.0882,  -0.2849,   0.0029, 0
A,  127, LYS,  0.0649,  -0.2953,   0.0021, 0
A,  128, TYR,  0.1471,  -0.2586,   0.0056, 0
A,  129, GLN,  0.1932,  -0.2380,   0.0083, 0
A,  130, THR,  0.2031,  -0.2336,   0.0090, 0
A,  131, ARG,  0.2080,  -0.2314,   0.0093, 0
A,  132, VAL,  0.1280,  -0.2671,   0.0047, 0
A,  133, ASN,  0.2028,  -0.2337,   0.0090, 0
A,  134, ILE,  0.3390,  -0.1729,   0.0207, 0
A,  135, THR,  0.1718,  -0.2475,   0.0070, 0
A,  136, ASN,  0.3627,  -0.1623,   0.0232, 0
A,  137, CYS,  0.6996,  -0.0119,   0.0782, 0
A,  138, PRO,  0.2643,  -0.2062,   0.0136, 0
A,  139, PHE,  0.9284,   0.0902,   0.1333, 8
A,  140, GLY,  0.0746,  -0.2909,   0.0024, 0
A,  141, GLU,  0.2161,  -0.2277,   0.0099, 0
A,  142, VAL,  1.0467,   0.1430,   0.1643, 8
A,  143, PHE,  1.2650,   0.2405,   0.2219, 8
A,  144, ALA,  0.1723,  -0.2473,   0.0071, 0
A,  145, THR,  0.3928,  -0.1489,   0.0268, 0
A,  146, ARG,  1.0049,   0.1244,   0.1533, 0
A,  147, PHE,  1.8573,   0.5049,   0.3677, 8
A,  148, ALA,  1.6134,   0.3960,   0.3112, 0
A,  149, SER,  1.6457,   0.4104,   0.3191, 10
A,  150, TRP,  1.9070,   0.5271,   0.3788, 10
A,  151, ASP,  1.0404,   0.1402,   0.1626, 18
A,  152, TYR,  1.6491,   0.4120,   0.3199, 10
A,  153, SER,  1.4146,   0.3073,   0.2612, 5
A,  154, PHE,  2.2282,   0.6705,   0.4442, 5
A,  155, SER,  1.3973,   0.2996,   0.2567, 10
A,  156, THR,  0.9457,   0.0979,   0.1377, 24
A,  157, PHE,  0.8759,   0.0668,   0.1199, 8
A,  158, LYS,  1.5836,   0.3827,   0.3039, 0
A,  159, TYR,  1.3988,   0.3002,   0.2570, 0
A,  160, GLY,  0.3279,  -0.1778,   0.0195, 0
A,  161, THR,  0.8256,   0.0443,   0.1073, 0
A,  162, LYS,  1.0775,   0.1568,   0.1725, 8
A,  163, ASN,  0.8027,   0.0341,   0.1018, 8
A,  164, ASP,  0.2586,  -0.2088,   0.0132, 0
A,  165, ASN,  0.4512,  -0.1228,   0.0343, 0
A,  166, VAL,  0.9351,   0.0932,   0.1350, 8
A,  167, TYR,  1.0259,   0.1337,   0.1588, 8
A,  168, VAL,  1.3243,   0.2670,   0.2375, 8
A,  169, GLY,  1.5772,   0.3799,   0.3023, 8
A,  170, ARG,  1.5065,   0.3483,   0.2846, 0
A,  171, GLN,  1.1801,   0.2026,   0.1995, 10
A,  172, ILE,  0.6588,  -0.0301,   0.0696, 0
A,  173, ALA,  0.5122,  -0.0956,   0.0432, 0
A,  174, PRO,  1.0552,   0.1468,   0.1665, 0
A,  175, GLY,  0.2679,  -0.2046,   0.0140, 0
A,  176, LYS,  1.6936,   0.4318,   0.3306, 0
A,  177, ILE,  0.2977,  -0.1913,   0.0166, 0
A,  178, ASN,  0.2977,  -0.1913,   0.0166, 0
A,  179, LEU,  0.3003,  -0.1902,   0.0168, 0
A,  180, PRO,  0.2989,  -0.1908,   0.0167, 0
A,  181, ASP,  0.3700,  -0.1591,   0.0241, 0
A,  182, ASP,  0.1940,  -0.2376,   0.0084, 0
A,  183, PHE,  0.7459,   0.0088,   0.0885, 8
A,  184, THR,  0.7426,   0.0073,   0.0877, 0
A,  185, GLY,  1.0379,   0.1391,   0.1619, 0
A,  186, CYS,  1.3542,   0.2803,   0.2454, 8
A,  187, VAL,  1.4561,   0.3258,   0.2718, 8
A,  188, TRP,  1.8887,   0.5189,   0.3747, 8
A,  189, GLY,  0.6431,  -0.0371,   0.0665, 24
A,  190, GLY,  0.5838,  -0.0636,   0.0552, 24
A,  191, ASN,  1.2830,   0.2485,   0.2267, 18
A,  192, TYR,  0.6216,  -0.0467,   0.0624, 0
A,  193, ASN,  1.2422,   0.2303,   0.2161, 18
A,  194, TYR,  1.8946,   0.5215,   0.3760, 0
A,  195, TYR,  1.6075,   0.3934,   0.3097, 18
A,  196, ARG,  1.3999,   0.3007,   0.2573, 0
A,  197, PHE,  1.3705,   0.2876,   0.2496, 0
A,  198, ARG,  1.1164,   0.1741,   0.1827, 0
A,  199, LYS,  0.6913,  -0.0156,   0.0764, 0
A,  200, SER,  0.5528,  -0.0775,   0.0498, 0
A,  201, ASN,  0.4202,  -0.1367,   0.0301, 0
A,  202, GLU,  0.2620,  -0.2073,   0.0134, 0
A,  203, ARG,  0.5323,  -0.0866,   0.0464, 0
A,  204, SER,  0.4093,  -0.1415,   0.0288, 0
A,  205, THR,  0.4148,  -0.1391,   0.0294, 0
A,  206, ILE,  0.2777,  -0.2003,   0.0148, 0
A,  207, TYR,  0.9375,   0.0943,   0.1356, 0
A,  208, GLN,  0.1485,  -0.2580,   0.0057, 0
A,  209, ALA,  0.0789,  -0.2890,   0.0026, 0
A,  210, GLY,  0.6954,  -0.0138,   0.0773, 0
A,  211, PRO,  0.6753,  -0.0228,   0.0731, 0
A,  212, CYS,  1.6772,   0.4245,   0.3266, 0
A,  213, GLU,  1.1465,   0.1876,   0.1906, 0
A,  214, CYS,  1.2976,   0.2550,   0.2306, 18
A,  215, TYR,  0.7030,  -0.0104,   0.0789, 18
A,  216, PHE,  1.5413,   0.3638,   0.2933, 18
A,  217, TYR,  0.5448,  -0.0810,   0.0484, 18
A,  218, PHE,  0.7539,   0.0123,   0.0903, 25
A,  219, GLN,  0.5194,  -0.0924,   0.0443, 25
A,  220, PRO,  0.9876,   0.1167,   0.1486, 25
A,  221, THR,  1.8234,   0.4897,   0.3600, 0
A,  222, ASN,  2.0537,   0.5926,   0.4098, 0
A,  223, GLY,  1.7894,   0.4746,   0.3523, 0
A,  224, LEU,  2.1343,   0.6285,   0.4260, 5
A,  225, SER,  1.3493,   0.2781,   0.2441, 0
A,  226, GLU,  0.6581,  -0.0304,   0.0695, 18
A,  227, HIS,  1.1609,   0.1940,   0.1944, 18
A,  228, ALA,  0.6353,  -0.0406,   0.0650, 25
A,  229, PRO,  0.7635,   0.0166,   0.0925, 18
A,  230, ALA,  0.8088,   0.0368,   0.1033, 10
A,  231, THR,  0.7945,   0.0304,   0.0999, 25
A,  232, VAL,  1.4502,   0.3232,   0.2703, 0
A,  233, CYS,  1.7667,   0.4645,   0.3472, 25
A,  234, GLY,  1.6424,   0.4090,   0.3183, 5
A,  235, PRO,  1.9016,   0.5247,   0.3776, 5
A,  236, SER,  1.6193,   0.3986,   0.3126, 5
A,  237, THR,  1.7371,   0.4512,   0.3404, 0
A,  238, ASN,  1.1933,   0.2085,   0.2030, 0
A,  239, LEU,  1.1357,   0.1827,   0.1878, 0
A,  240, VAL,  0.9227,   0.0877,   0.1318, 0
A,  241, LYS,  0.9715,   0.1095,   0.1445, 0
A,  242, CYS,  1.2641,   0.2401,   0.2217, 0
A,  243, VAL,  1.4509,   0.3235,   0.2705, 0
A,  244, PHE,  1.9411,   0.5423,   0.3859, 0
A,  245, ASN,  2.9988,   1.0145,   0.5705, 0
A,  246, PHE,  1.8490,   0.5012,   0.3658, 5
A,  247, ASN,  2.2323,   0.6723,   0.4449, 5
A,  248, GLY,  1.5133,   0.3513,   0.2863, 0
A,  249, THR,  1.1444,   0.1866,   0.1900, 12
A,  250, GLY,  0.8420,   0.0517,   0.1115, 12
A,  251, THR,  1.3485,   0.2777,   0.2439, 12
A,  252, GLY,  1.4267,   0.3127,   0.2643, 12
A,  253, VAL,  1.4302,   0.3142,   0.2652, 12
A,  254, LEU,  1.2441,   0.2312,   0.2166, 12
A,  255, THR,  1.1332,   0.1817,   0.1871, 0
A,  256, GLU,  0.8773,   0.0674,   0.1202, 0
A,  257, SER,  0.6929,  -0.0149,   0.0768, 0
A,  258, LYS,  1.4057,   0.3033,   0.2589, 0
A,  259, PHE,  1.6418,   0.4087,   0.3182, 12
A,  260, GLN,  0.8416,   0.0515,   0.1113, 0
A,  261, PHE,  1.0498,   0.1444,   0.1651, 12
A,  262, ASP,  0.8583,   0.0589,   0.1155, 0
A,  263, ILE,  0.1432,  -0.2603,   0.0054, 0
A,  264, ALA,  0.0495,  -0.3021,   0.0016, 0
A,  265, ASP,  0.1011,  -0.2791,   0.0034, 0
A,  266, THR,  0.2912,  -0.1943,   0.0160, 0
A,  267, ASP,  1.1028,   0.1681,   0.1790, 0
A,  268, VAL,  0.7326,   0.0028,   0.0855, 12
A,  269, ARG,  1.6947,   0.4323,   0.3308, 0
A,  270, ASP,  0.7250,  -0.0006,   0.0838, 5
A,  271, PRO,  0.4699,  -0.1145,   0.0368, 12
A,  272, GLN,  1.3292,   0.2691,   0.2388, 12
A,  273, THR,  0.5089,  -0.0970,   0.0427, 0
A,  274, GLU,  1.0670,   0.1521,   0.1698, 5
A,  275, PRO,  0.9639,   0.1061,   0.1425, 5
A,  276, SER,  1.0987,   0.1662,   0.1780, 0
A,  277, PHE,  0.2924,  -0.1937,   0.0161, 0
A,  278, VAL,  1.1360,   0.1829,   0.1879, 5
A,  279, PRO,  0.8723,   0.0652,   0.1189, 0
A,  280, GLY,  0.8760,   0.0668,   0.1199, 0
A,  281, THR,  0.8190,   0.0414,   0.1057, 5
A,  282, ASN,  0.9814,   0.1139,   0.1470, 0
A,  283, GLN,  1.3979,   0.2998,   0.2568, 0
A,  284, VAL,  1.7566,   0.4599,   0.3449, 5
A,  285, ALA,  0.5306,  -0.0874,   0.0461, 0
A,  286, VAL,  0.7699,   0.0194,   0.0940, 5
A,  287, ASP,  1.3060,   0.2588,   0.2327, 0
A,  288, VAL,  1.2745,   0.2447,   0.2244, 0
A,  289, CYS,  2.4457,   0.7676,   0.4835, 0
A,  290, THR,  1.7367,   0.4511,   0.3404, 0
A,  291, GLU,  1.6334,   0.4049,   0.3162, 0
A,  292, PRO,  0.4803,  -0.1098,   0.0383, 0
A,  293, VAL,  0.1887,  -0.2400,   0.0081, 0
A,  294, ALA,  0.7127,  -0.0061,   0.0810, 0
A,  295, ILE,  1.1799,   0.2025,   0.1995, 0
A,  296, HIS,  0.4877,  -0.1065,   0.0394, 0
A,  297, ALA,  0.5116,  -0.0958,   0.0431, 0
A,  298, GLN,  0.8681,   0.0633,   0.1179, 0
A,  299, LEU,  0.9784,   0.1125,   0.1462, 0
A,  300, THR,  1.0389,   0.1395,   0.1622, 5
A,  301, PRO,  1.3781,   0.2910,   0.2516, 0
A,  302, THR,  1.8483,   0.5009,   0.3656, 5
A,  303, TRP,  2.1567,   0.6385,   0.4304, 5
A,  304, ARG,  1.7244,   0.4456,   0.3375, 0
A,  305, TYR,  2.1478,   0.6346,   0.4287, 0
A,  306, THR,  0.8696,   0.0640,   0.1183, 0
A,  307, GLY,  0.5679,  -0.0707,   0.0524, 0
A,  308, ASN,  1.1283,   0.1795,   0.1859, 0
A,  309, VAL,  0.5745,  -0.0678,   0.0536, 0
A,  310, PHE,  0.6040,  -0.0546,   0.0589, 0
A,  311, ARG,  0.8521,   0.0562,   0.1140, 0
A,  312, ALA,  0.8120,   0.0383,   0.1040, 0
A,  313, GLY,  0.8118,   0.0382,   0.1040, 0
A,  314, CYS,  0.3360,  -0.1742,   0.0204, 0
A,  315, ILE,  0.9801,   0.1133,   0.1467, 0
A,  316, GLY,  1.0321,   0.1365,   0.1604, 0
A,  317, ALA,  0.5904,  -0.0607,   0.0564, 0
A,  318, GLU,  0.9302,   0.0910,   0.1337, 0
A,  319, HIS,  0.8068,   0.0360,   0.1028, 0
A,  320, VAL,  0.4034,  -0.1442,   0.0281, 0
A,  321, ASN,  0.3989,  -0.1461,   0.0275, 0
A,  322, ASN,  0.3993,  -0.1460,   0.0276, 0
A,  323, TYR,  0.7530,   0.0119,   0.0901, 0
A,  324, GLU,  0.3471,  -0.1693,   0.0216, 0
A,  325, CYS,  0.7591,   0.0146,   0.0915, 0
A,  326, ASP,  0.6872,  -0.0175,   0.0756, 0
A,  327, ILE,  0.6967,  -0.0132,   0.0776, 0
A,  328, PRO,  0.7514,   0.0112,   0.0897, 0
A,  329, ILE,  0.3852,  -0.1523,   0.0259, 0
A,  330, ALA,  0.5781,  -0.0661,   0.0542, 0
A,  331, GLY,  0.8360,   0.0490,   0.1099, 0
A,  332, ILE,  1.1899,   0.2070,   0.2021, 0
A,  333, CYS,  0.7621,   0.0160,   0.0922, 0
A,  334, ALA,  0.0405,  -0.3062,   0.0013, 0
A,  335, SER,  0.1466,  -0.2588,   0.0056, 0
A,  336, TYR,  0.4765,  -0.1115,   0.0378, 0
A,  337, GLN,  0.4696,  -0.1146,   0.0368, 0
A,  338, THR,  0.6134,  -0.0504,   0.0608, 0
A,  339, ASN,  0.7430,   0.0074,   0.0878, 0
A,  340, SER,  0.8114,   0.0380,   0.1039, 0
A,  341, PRO,  0.4065,  -0.1428,   0.0284, 0
A,  342, ARG,  0.5453,  -0.0808,   0.0485, 0
A,  343, ARG,  0.4349,  -0.1301,   0.0320, 0
A,  344, VAL,  0.2910,  -0.1943,   0.0160, 0
A,  345, ALA,  0.3762,  -0.1563,   0.0248, 0
A,  346, SER,  0.4635,  -0.1173,   0.0359, 0
A,  347, GLN,  0.6334,  -0.0415,   0.0646, 0
A,  348, SER,  0.7840,   0.0258,   0.0975, 0
A,  349, ILE,  0.5831,  -0.0639,   0.0551, 0
A,  350, ILE,  0.4007,  -0.1454,   0.0277, 0
A,  351, ALA,  0.1812,  -0.2433,   0.0076, 0
A,  352, THR,  0.9388,   0.0949,   0.1359, 0
A,  353, MET,  1.2809,   0.2476,   0.2261, 0
A,  354, SER,  0.9687,   0.1082,   0.1437, 0
A,  355, LEU,  0.8480,   0.0543,   0.1130, 0
A,  356, GLY,  0.1780,  -0.2448,   0.0074, 0
A,  357, GLU,  0.0974,  -0.2808,   0.0033, 0
A,  358, ASN,  0.1092,  -0.2755,   0.0038, 0
A,  359, SER,  0.2480,  -0.2135,   0.0123, 0
A,  360, ALA,  0.2333,  -0.2201,   0.0112, 0
A,  361, TYR,  0.3109,  -0.1854,   0.0178, 0
A,  362, ASN,  0.2441,  -0.2153,   0.0120, 0
A,  363, ASN,  0.1485,  -0.2579,   0.0057, 0
A,  364, THR,  0.2089,  -0.2310,   0.0094, 0
A,  365, ASN,  0.1895,  -0.2397,   0.0081, 0
A,  366, PHE,  0.1903,  -0.2393,   0.0082, 0
A,  367, THR,  0.1912,  -0.2389,   0.0082, 0
A,  368, VAL,  0.1581,  -0.2537,   0.0062, 0
A,  369, THR,  0.2119,  -0.2296,   0.0096, 0
A,  370, THR,  0.3061,  -0.1876,   0.0174, 0
A,  371, PRO,  0.1724,  -0.2473,   0.0071, 0
A,  372, VAL,  0.2392,  -0.2175,   0.0116, 0
A,  373, MET,  0.3665,  -0.1606,   0.0237, 0
A,  374, TYR,  0.4947,  -0.1034,   0.0405, 0
A,  375, GLY,  0.3653,  -0.1612,   0.0235, 0
A,  376, ASP,  0.9987,   0.1216,   0.1516, 0
A,  377, THR,  0.6542,  -0.0322,   0.0687, 0
A,  378, LEU,  1.2934,   0.2531,   0.2295, 0
A,  379, GLY,  0.4553,  -0.1210,   0.0348, 0
A,  380, SER,  1.6984,   0.4339,   0.3316, 0
A,  381, PHE,  1.3884,   0.2955,   0.2543, 0
A,  382, CYS,  1.9711,   0.5557,   0.3922, 0
A,  383, THR,  1.4955,   0.3434,   0.2818, 0
A,  384, GLN,  0.6958,  -0.0136,   0.0774, 0
A,  385, ARG,  1.3979,   0.2998,   0.2568, 0
A,  386, ALA,  0.4394,  -0.1281,   0.0326, 0
A,  387, ALA,  0.1397,  -0.2619,   0.0052, 0
A,  388, VAL,  0.9153,   0.0844,   0.1300, 0
A,  389, GLN,  1.8321,   0.4936,   0.3619, 0
A,  390, ASP,  0.4801,  -0.1099,   0.0383, 0
A,  391, LYS,  0.4957,  -0.1030,   0.0406, 0
A,  392, ASN,  1.2741,   0.2445,   0.2243, 1
A,  393, THR,  1.2670,   0.2414,   0.2225, 1
A,  394, GLN,  0.7735,   0.0211,   0.0949, 0
A,  395, PHE,  1.8555,   0.5041,   0.3673, 1
A,  396, ALA,  1.1275,   0.1791,   0.1857, 0
A,  397, GLN,  0.5224,  -0.0910,   0.0448, 0
A,  398, ILE,  0.4953,  -0.1031,   0.0406, 0
A,  399, TYR,  1.0281,   0.1347,   0.1594, 0
A,  400, ILE,  2.1746,   0.6465,   0.4339, 4
A,  401, LYS,  1.0203,   0.1312,   0.1574, 0
A,  402, ASP,  1.4969,   0.3440,   0.2821, 0
A,  403, PHE,  1.6148,   0.3967,   0.3115, 0
A,  404, GLY,  0.5296,  -0.0878,   0.0459, 0
A,  405, GLY,  0.3688,  -0.1596,   0.0239, 0
A,  406, PHE,  2.3448,   0.7225,   0.4653, 4
A,  407, PHE,  2.2296,   0.6711,   0.4444, 1
A,  408, ILE,  2.4024,   0.7482,   0.4757, 1
A,  409, LEU,  1.1191,   0.1753,   0.1834, 12
A,  410, PRO,  0.6661,  -0.0269,   0.0712, 0
A,  411, SER,  1.2016,   0.2122,   0.2052, 1
A,  412, GLU,  0.7001,  -0.0117,   0.0783, 1
A,  413, ASP,  1.9416,   0.5425,   0.3861, 0
A,  414, LEU,  0.6220,  -0.0466,   0.0625, 0
A,  415, LEU,  0.6632,  -0.0282,   0.0706, 1
A,  416, PHE,  1.5654,   0.3746,   0.2993, 1
A,  417, VAL,  1.2235,   0.2219,   0.2110, 0
A,  418, THR,  0.9790,   0.1128,   0.1464, 0
A,  419, LEU,  1.7956,   0.4773,   0.3537, 0
A,  420, ALA,  0.8813,   0.0692,   0.1212, 0
A,  421, ALA,  0.7362,   0.0044,   0.0863, 0
A,  422, GLY,  0.7139,  -0.0055,   0.0813, 0
A,  423, PHE,  0.6426,  -0.0374,   0.0664, 0
A,  424, ILE,  0.3452,  -0.1701,   0.0213, 0
A,  425, LYS,  0.2805,  -0.1990,   0.0151, 0
A,  426, GLN,  0.6096,  -0.0521,   0.0600, 0
A,  427, TYR,  1.2101,   0.2160,   0.2074, 0
A,  428, GLY,  0.6819,  -0.0198,   0.0745, 0
A,  429, ASP,  0.8354,   0.0487,   0.1098, 0
A,  430, LEU,  1.7570,   0.4601,   0.3450, 1
A,  431, GLY,  0.7657,   0.0176,   0.0930, 12
A,  432, VAL,  0.7380,   0.0052,   0.0867, 0
A,  433, MET,  2.2832,   0.6950,   0.4542, 1
A,  434, ILE,  1.4506,   0.3233,   0.2704, 1
A,  435, GLN,  1.1598,   0.1935,   0.1941, 12
A,  436, TYR,  1.2972,   0.2548,   0.2305, 1
A,  437, THR,  2.1239,   0.6239,   0.4240, 1
A,  438, LEU,  2.9268,   0.9823,   0.5600, 1
A,  439, LEU,  2.3878,   0.7417,   0.4731, 4
A,  440, ALA,  1.2495,   0.2335,   0.2179, 0
A,  441, ILE,  2.1112,   0.6183,   0.4215, 4
A,  442, THR,  2.3288,   0.7154,   0.4624, 0
A,  443, SER,  1.9291,   0.5369,   0.3835, 0
A,  444, PHE,  1.3946,   0.2983,   0.2559, 0
A,  445, ALA,  0.6220,  -0.0466,   0.0624, 0
A,  446, GLY,  1.3549,   0.2806,   0.2456, 0
A,  447, ALA,  1.1801,   0.2026,   0.1995, 22
A,  448, ALA,  1.9647,   0.5529,   0.3909, 22
A,  449, GLN,  1.9768,   0.5582,   0.3934, 0
A,  450, PHE,  2.7824,   0.9179,   0.5392, 4
A,  451, ALA,  1.7779,   0.4695,   0.3497, 0
A,  452, MET,  1.3195,   0.2648,   0.2362, 22
A,  453, GLY,  1.1731,   0.1995,   0.1976, 0
A,  454, ILE,  2.4243,   0.7580,   0.4796, 0
A,  455, GLY,  0.9405,   0.0956,   0.1364, 0
A,  456, VAL,  1.4472,   0.3218,   0.2695, 0
A,  457, THR,  1.1322,   0.1812,   0.1869, 22
A,  458, GLN,  1.7537,   0.4587,   0.3442, 0
A,  459, ASN,  1.5362,   0.3616,   0.2921, 0
A,  460, VAL,  1.0370,   0.1387,   0.1617, 0
A,  461, LEU,  0.7736,   0.0211,   0.0949, 0
A,  462, TYR,  1.2787,   0.2466,   0.2255, 0
A,  463, LYS,  1.0788,   0.1574,   0.1729, 0
A,  464, LEU,  0.5462,  -0.0804,   0.0487, 0
A,  465, ILE,  1.3079,   0.2596,   0.2332, 0
A,  466, ALA,  0.6651,  -0.0273,   0.0710, 0
A,  467, ASN,  1.8071,   0.4825,   0.3563, 4
A,  468, SER,  1.2846,   0.2492,   0.2271, 4
A,  469, ALA,  2.3419,   0.7212,   0.4648, 1
A,  470, ILE,  1.6963,   0.4330,   0.3312, 1
A,  471, GLY,  0.5617,  -0.0735,   0.0514, 1
A,  472, LYS,  2.0583,   0.5946,   0.4107, 1
A,  473, ILE,  1.5607,   0.3725,   0.2981, 1
A,  474, GLN,  2.1842,   0.6509,   0.4358, 1
A,  475, SER,  1.4887,   0.3403,   0.2801, 0
A,  476, LEU,  1.6143,   0.3964,   0.3114, 0
A,  477, SER,  1.1176,   0.1747,   0.1830, 0
A,  478, SER,  0.5034,  -0.0995,   0.0419, 0
A,  479, GLN,  1.6200,   0.3990,   0.3128, 0
A,  480, VAL,  1.1940,   0.2088,   0.2032, 0
A,  481, ASN,  0.4915,  -0.1048,   0.0400, 0
A,  482, GLN,  0.4538,  -0.1216,   0.0346, 0
A,  483, ALA,  0.6290,  -0.0434,   0.0638, 0
A,  484, LEU,  0.3003,  -0.1902,   0.0168, 0
A,  485, ASN,  0.5527,  -0.0775,   0.0498, 0
A,  486, VAL,  0.3101,  -0.1858,   0.0178, 0
A,  487, SER,  0.4744,  -0.1125,   0.0375, 0
A,  488, SER,  0.5068,  -0.0980,   0.0424, 0
A,  489, VAL,  0.2534,  -0.2111,   0.0127, 0
A,  490, LEU,  0.4623,  -0.1179,   0.0358, 0
A,  491, ASN,  0.1112,  -0.2746,   0.0039, 0
A,  492, ASP,  0.0919,  -0.2832,   0.0031, 0
A,  493, LEU,  0.0965,  -0.2811,   0.0032, 0
A,  494, LEU,  0.0523,  -0.3009,   0.0017, 0
A,  495, LYS,  0.0596,  -0.2976,   0.0019, 0
A,  496, VAL,  0.0928,  -0.2828,   0.0031, 0
A,  497, ALA,  0.0446,  -0.3043,   0.0014, 0
A,  498, GLU,  0.1266,  -0.2677,   0.0046, 0
A,  499, VAL,  0.2563,  -0.2098,   0.0130, 0
A,  500, GLN,  0.3746,  -0.1570,   0.0246, 0
A,  501, ASP,  1.1872,   0.2057,   0.2014, 0
A,  502, ARG,  1.6462,   0.4107,   0.3192, 0
A,  503, ILE,  1.7063,   0.4375,   0.3334, 0
A,  504, LEU,  1.1845,   0.2045,   0.2007, 0
A,  505, LEU,  1.7759,   0.4685,   0.3492, 0
A,  506, THR,  0.7142,  -0.0054,   0.0813, 0
A,  507, GLN,  1.7680,   0.4650,   0.3474, 0
A,  508, GLN,  1.2532,   0.2352,   0.2189, 0
A,  509, LEU,  1.4385,   0.3179,   0.2673, 0
A,  510, ILE,  1.1124,   0.1723,   0.1816, 0
A,  511, ARG,  2.4481,   0.7686,   0.4839, 0
A,  512, ALA,  1.5352,   0.3611,   0.2918, 0
A,  513, ILE,  1.4586,   0.3269,   0.2725, 0
A,  514, ARG,  2.2424,   0.6768,   0.4468, 0
A,  515, ALA,  1.3138,   0.2623,   0.2348, 0
A,  516, SER,  1.4643,   0.3295,   0.2740, 0
A,  517, ALA,  0.9155,   0.0845,   0.1300, 1
A,  518, ASN,  1.8717,   0.5113,   0.3709, 0
A,  519, LEU,  1.8139,   0.4855,   0.3578, 0
A,  520, ALA,  1.8063,   0.4821,   0.3561, 1
A,  521, ALA,  1.3526,   0.2796,   0.2450, 0
A,  522, THR,  1.8328,   0.4940,   0.3621, 14
A,  523, MET,  1.8682,   0.5098,   0.3701, 0
A,  524, SER,  1.6469,   0.4110,   0.3194, 0
A,  525, LEU,  1.6250,   0.4012,   0.3141, 0
A,  526, GLY,  1.5915,   0.3863,   0.3058, 0
A,  527, GLN,  1.6358,   0.4060,   0.3168, 0
A,  528, ARG,  2.0512,   0.5915,   0.4093, 14
A,  529, VAL,  1.7311,   0.4485,   0.3391, 0
A,  530, ASP,  1.9753,   0.5576,   0.3931, 0
A,  531, PHE,  1.8629,   0.5074,   0.3690, 14
A,  532, CYS,  0.8659,   0.0623,   0.1174, 0
A,  533, GLY,  0.7194,  -0.0031,   0.0825, 0
A,  534, LYS,  1.0347,   0.1377,   0.1611, 0
A,  535, GLY,  0.8625,   0.0608,   0.1165, 0
A,  536, TYR,  1.6853,   0.4281,   0.3286, 0
A,  537, HIS,  1.3123,   0.2616,   0.2344, 0
A,  538, MET,  1.3556,   0.2809,   0.2458, 0
A,  539, PRO,  1.2568,   0.2368,   0.2198, 0
A,  540, GLN,  2.1028,   0.6145,   0.4198, 4
A,  541, ALA,  0.3516,  -0.1673,   0.0220, 4
A,  542, PRO,  1.2016,   0.2122,   0.2052, 1
A,  543, PHE,  2.4963,   0.7902,   0.4925, 1
A,  544, LEU,  0.4560,  -0.1207,   0.0349, 0
A,  545, HIS,  1.3578,   0.2819,   0.2464, 0
A,  546, VAL,  0.5277,  -0.0886,   0.0456, 0
A,  547, THR,  0.4610,  -0.1184,   0.0356, 0
A,  548, TYR,  0.8449,   0.0530,   0.1122, 0
A,  549, VAL,  0.3981,  -0.1465,   0.0274, 0
A,  550, PRO,  0.4576,  -0.1200,   0.0351, 0
A,  551, ALA,  0.1697,  -0.2485,   0.0069, 0
A,  552, GLN,  0.7757,   0.0220,   0.0954, 0
A,  553, LYS,  0.6042,  -0.0545,   0.0590, 0
A,  554, ASN,  0.3736,  -0.1574,   0.0245, 0
A,  555, PHE,  0.9290,   0.0905,   0.1334, 21
A,  556, THR,  0.5200,  -0.0921,   0.0444, 0
A,  557, THR,  0.5667,  -0.0713,   0.0522, 21
A,  558, ALA,  0.3498,  -0.1681,   0.0218, 0
A,  559, PRO,  0.8770,   0.0673,   0.1202, 0
A,  560, ALA,  0.0688,  -0.2935,   0.0022, 0
A,  561, ILE,  0.3822,  -0.1536,   0.0255, 0
A,  562, CYS,  2.1724,   0.6456,   0.4335, 0
A,  563, HIS,  1.7036,   0.4363,   0.3328, 0
A,  564, ALA,  0.3645,  -0.1615,   0.0234, 0
A,  565, HIS,  1.1224,   0.1768,   0.1843, 0
A,  566, PHE,  0.6622,  -0.0286,   0.0704, 0
A,  567, PRO,  0.1912,  -0.2389,   0.0082, 0
A,  568, VAL,  0.3209,  -0.1810,   0.0188, 21
A,  569, PHE,  0.7054,  -0.0093,   0.0794, 0
A,  570, VAL,  0.5948,  -0.0587,   0.0572, 0
A,  571, THR,  0.6331,  -0.0416,   0.0645, 0
A,  572, HIS,  0.7381,   0.0052,   0.0867, 0
A,  573, TRP,  1.6233,   0.4004,   0.3137, 0
A,  574, PHE,  0.6444,  -0.0366,   0.0667, 0
A,  575, VAL,  0.7946,   0.0305,   0.1000, 0
A,  576, THR,  0.6160,  -0.0492,   0.0613, 0
A,  577, GLN,  1.0164,   0.1295,   0.1564, 21
A,  578, PHE,  1.2030,   0.2128,   0.2055, 0
A,  579, TYR,  2.3682,   0.7330,   0.4696, 0
A,  580, PRO,  1.5437,   0.3649,   0.2939, 0
A,  581, GLN,  1.5511,   0.3682,   0.2957, 0
A,  582, ASN,  1.6125,   0.3956,   0.3110, 0
A,  583, THR,  0.8451,   0.0530,   0.1122, 0
A,  584, PHE,  1.4515,   0.3237,   0.2706, 0
A,  585, VAL,  0.8568,   0.0582,   0.1151, 0
A,  586, SER,  0.9616,   0.1050,   0.1420, 0
A,  587, GLY,  0.2604,  -0.2080,   0.0133, 0
A,  588, ASN,  0.2683,  -0.2045,   0.0140, 0
A,  589, CYS,  1.4148,   0.3073,   0.2612, 0
A,  590, ASP,  0.8432,   0.0522,   0.1118, 0
A,  591, VAL,  0.3524,  -0.1669,   0.0221, 0
A,  592, VAL,  1.0950,   0.1646,   0.1770, 0
A,  593, ILE,  1.1304,   0.1804,   0.1864, 0
A,  594, GLY,  1.0590,   0.1485,   0.1676, 0
A,  595, ILE,  0.9277,   0.0899,   0.1331, 0
A,  596, VAL,  0.7028,  -0.0105,   0.0788, 0
A,  597, ASN,  1.4170,   0.3084,   0.2618, 0
A,  598, ASN,  1.2498,   0.2337,   0.2180, 0
A,  599, THR,  1.2859,   0.2498,   0.2275, 0
A,  600, VAL,  1.8498,   0.5015,   0.3660, 0
A,  601, TYR,  1.5336,   0.3604,   0.2914, 0
A,  602, ASP,  0.7639,   0.0168,   0.0926, 0
A,  603, PRO,  0.3978,  -0.1466,   0.0274, 0
A,  604, GLN,  0.2079,  -0.2314,   0.0093, 0
A,  605, PRO,  0.0679,  -0.2939,   0.0022, 0
B,    6, GLN,  0.6451,  -0.0363,   0.0669, 0
B,    7, CYS,  0.6452,  -0.0362,   0.0669, 0
B,    8, VAL,  0.3576,  -0.1646,   0.0227, 0
B,    9, ASN,  1.2579,   0.2373,   0.2201, 0
B,   10, LEU,  0.3925,  -0.1490,   0.0268, 0
B,   11, THR,  0.5524,  -0.0776,   0.0497, 0
B,   12, THR,  0.7405,   0.0063,   0.0872, 0
B,   13, ARG,  1.1082,   0.1705,   0.1805, 0
B,   14, THR,  0.6967,  -0.0132,   0.0776, 0
B,   15, GLN,  0.3577,  -0.1646,   0.0227, 0
B,   16, LEU,  0.4033,  -0.1442,   0.0281, 0
B,   17, TYR,  0.3647,  -0.1614,   0.0235, 0
B,   18, THR,  0.3284,  -0.1776,   0.0196, 0
B,   19, ASN,  0.5339,  -0.0859,   0.0466, 0
B,   20, THR,  0.6766,  -0.0222,   0.0734, 0
B,   21, ARG,  0.8117,   0.0381,   0.1040, 0
B,   22, GLY,  0.4683,  -0.1152,   0.0366, 0
B,   23, ASP,  0.4400,  -0.1278,   0.0327, 0
B,   24, LYS,  0.3850,  -0.1524,   0.0258, 0
B,   25, VAL,  0.4844,  -0.1080,   0.0389, 0
B,   26, SER,  0.6181,  -0.0483,   0.0617, 0
B,   27, SER,  0.4297,  -0.1324,   0.0313, 0
B,   28, VAL,  0.4783,  -0.1107,   0.0380, 0
B,   29, PHE,  0.4054,  -0.1433,   0.0283, 0
B,   30, LEU,  0.2417,  -0.2163,   0.0118, 0
B,   31, PRO,  0.3683,  -0.1598,   0.0239, 0
B,   32, PHE,  0.4640,  -0.1171,   0.0360, 0
B,   33, PHE,  0.4994,  -0.1013,   0.0412, 0
B,   34, SER,  0.3820,  -0.1537,   0.0255, 0
B,   35, ASN,  0.5744,  -0.0678,   0.0536, 0
B,   36, VAL,  0.3868,  -0.1516,   0.0261, 0
B,   37, THR,  0.4526,  -0.1222,   0.0344, 0
B,   38, ALA,  0.2040,  -0.2332,   0.0091, 0
B,   39, ILE,  1.0041,   0.1240,   0.1531, 0
B,   40, VAL,  0.8241,   0.0437,   0.1070, 0
B,   41, SER,  0.8940,   0.0749,   0.1246, 0
B,   42, GLY,  0.5925,  -0.0597,   0.0568, 0
B,   43, THR,  0.1991,  -0.2354,   0.0087, 0
B,   44, ASN,  0.1995,  -0.2352,   0.0087, 0
B,   45, GLY,  0.6025,  -0.0553,   0.0586, 0
B,   46, THR,  0.8964,   0.0759,   0.1252, 0
B,   47, LYS,  1.4013,   0.3013,   0.2577, 0
B,   48, ASP,  1.0846,   0.1599,   0.1743, 0
B,   49, ASN,  0.7034,  -0.0102,   0.0790, 0
B,   50, PHE,  1.2216,   0.2211,   0.2105, 0
B,   51, ASN,  1.1600,   0.1936,   0.1941, 0
B,   52, ASP,  0.8331,   0.0477,   0.1092, 0
B,   53, VAL,  1.1630,   0.1949,   0.1949, 0
B,   54, TYR,  1.3855,   0.2943,   0.2535, 0
B,   55, PHE,  0.9647,   0.1064,   0.1427, 0
B,   56, ALA,  1.0602,   0.1490,   0.1679, 0
B,   57, GLU,  1.0481,   0.1436,   0.1646, 0
B,   58, ILE,  1.4578,   0.3265,   0.2723, 0
B,   59, ARG,  1.5560,   0.3704,   0.2970, 0
B,   60, PHE,  0.8838,   0.0703,   0.1219, 0
B,   61, ILE,  0.2429,  -0.2158,   0.0119, 0
B,   62, LYS,  0.6469,  -0.0355,   0.0672, 0
B,   63, VAL,  0.3421,  -0.1715,   0.0210, 0
B,   64, GLU,  0.4357,  -0.1297,   0.0321, 0
B,   65, ASP,  0.9871,   0.1164,   0.1485, 0
B,   66, PRO,  0.9823,   0.1143,   0.1473, 0
B,   67, PHE,  1.5747,   0.3787,   0.3017, 0
B,   68, LEU,  1.8699,   0.5105,   0.3705, 0
B,   69, VAL,  0.5880,  -0.0617,   0.0560, 0
B,   70, TYR,  1.5328,   0.3600,   0.2912, 0
B,   71, TYR,  0.9131,   0.0834,   0.1295, 0
B,   72, HIS,  0.3261,  -0.1786,   0.0193, 0
B,   73, LYS,  0.2756,  -0.2012,   0.0146, 0
B,   74, ASN,  0.2265,  -0.2231,   0.0107, 0
B,   75, ASN,  0.2933,  -0.1933,   0.0162, 0
B,   76, LYS,  0.1499,  -0.2573,   0.0058, 0
B,   77, GLU,  0.4549,  -0.1212,   0.0348, 0
B,   78, PHE,  0.6037,  -0.0548,   0.0589, 0
B,   79, ARG,  0.8791,   0.0682,   0.1207, 0
B,   80, PHE,  1.4066,   0.3037,   0.2591, 0
B,   81, GLU,  0.3189,  -0.1819,   0.0186, 0
B,   82, TYR,  0.2205,  -0.2258,   0.0102, 0
B,   83, VAL,  0.3084,  -0.1866,   0.0176, 0
B,   84, GLN,  0.4008,  -0.1453,   0.0278, 0
B,   85, PRO,  0.2207,  -0.2257,   0.0102, 0
B,   86, ASN,  0.2882,  -0.1956,   0.0158, 0
B,   87, PHE,  0.9724,   0.1098,   0.1447, 0
B,   88, VAL,  0.8517,   0.0560,   0.1138, 0
B,   89, HIS,  0.8092,   0.0370,   0.1034, 0
B,   90, ARG,  0.3949,  -0.1479,   0.0271, 0
B,   91, GLN,  0.4053,  -0.1433,   0.0283, 0
B,   92, GLY,  0.1212,  -0.2701,   0.0044, 0
B,   93, ALA,  0.1323,  -0.2652,   0.0049, 0
B,   94, LEU,  0.5869,  -0.0622,   0.0558, 0
B,   95, ILE,  0.5228,  -0.0909,   0.0449, 0
B,   96, GLY,  0.3589,  -0.1640,   0.0228, 0
B,   97, ILE,  0.2177,  -0.2270,   0.0100, 0
B,   98, ASN,  0.1795,  -0.2441,   0.0075, 0
B,   99, ILE,  0.9007,   0.0778,   0.1264, 0
B,  100, THR,  0.8292,   0.0459,   0.1082, 0
B,  101, THR,  1.0238,   0.1328,   0.1583, 0
B,  102, THR,  1.1291,   0.1798,   0.1861, 0
B,  103, PRO,  0.7672,   0.0182,   0.0934, 0
B,  104, GLY,  0.6223,  -0.0464,   0.0625, 0
B,  105, ASP,  0.9858,   0.1158,   0.1482, 0
B,  106, SER,  2.0251,   0.5798,   0.4038, 0
B,  107, SER,  2.1457,   0.6337,   0.4283, 0
B,  108, SER,  1.3510,   0.2789,   0.2446, 0
B,  109, GLY,  1.1532,   0.1906,   0.1923, 0
B,  110, THR,  0.8143,   0.0393,   0.1046, 0
B,  111, ALA,  0.9384,   0.0947,   0.1358, 0
B,  112, ALA,  0.9078,   0.0810,   0.1281, 0
B,  113, ALA,  1.0784,   0.1572,   0.1728, 0
B,  114, TYR,  1.1296,   0.1800,   0.1862, 0
B,  115, TYR,  1.1866,   0.2055,   0.2013, 0
B,  116, GLY,  0.3547,  -0.1659,   0.0224, 0
B,  117, TYR,  0.6784,  -0.0214,   0.0738, 0
B,  118, LEU,  0.6019,  -0.0555,   0.0585, 0
B,  119, GLN,  0.4580,  -0.1198,   0.0352, 0
B,  120, GLY,  0.2907,  -0.1945,   0.0160, 0
B,  121, ILE,  0.4809,  -0.1096,   0.0384, 0
B,  122, THR,  0.2742,  -0.2018,   0.0145, 0
B,  123, ALA,  0.1833,  -0.2424,   0.0077, 0
B,  124, LEU,  0.1525,  -0.2562,   0.0059, 0
B,  125, VAL,  0.0767,  -0.2900,   0.0025, 0
B,  126, GLU,  0.0791,  -0.2889,   0.0026, 0
B,  127, LYS,  0.0911,  -0.2836,   0.0030, 0
B,  128, TYR,  0.1549,  -0.2551,   0.0061, 0
B,  129, GLN,  0.3259,  -0.1787,   0.0193, 0
B,  130, THR,  0.5453,  -0.0808,   0.0485, 0
B,  131, ARG,  0.4065,  -0.1428,   0.0284, 0
B,  132, VAL,  0.2033,  -0.2335,   0.0090, 0
B,  133, ASN,  0.1068,  -0.2766,   0.0037, 0
B,  134, ILE,  0.7406,   0.0064,   0.0873, 0
B,  135, THR,  0.1312,  -0.2657,   0.0048, 0
B,  136, ASN,  0.3209,  -0.1810,   0.0188, 0
B,  137, CYS,  0.9157,   0.0846,   0.1301, 0
B,  138, PRO,  0.3261,  -0.1787,   0.0193, 0
B,  139, PHE,  0.8680,   0.0632,   0.1179, 7
B,  140, GLY,  0.1017,  -0.2788,   0.0035, 0
B,  141, GLU,  0.2863,  -0.1964,   0.0156, 0
B,  142, VAL,  0.7609,   0.0154,   0.0919, 7
B,  143, PHE,  1.1936,   0.2086,   0.2031, 7
B,  144, ALA,  0.2964,  -0.1919,   0.0165, 0
B,  145, THR,  0.6017,  -0.0556,   0.0585, 0
B,  146, ARG,  1.4879,   0.3400,   0.2799, 16
B,  147, PHE,  1.4401,   0.3187,   0.2677, 7
B,  148, ALA,  0.7974,   0.0317,   0.1006, 16
B,  149, SER,  1.2962,   0.2544,   0.2302, 16
B,  150, TRP,  3.3780,   1.1838,   0.6197, 7
B,  151, ASP,  2.4350,   0.7628,   0.4815, 0
B,  152, TYR,  2.4039,   0.7489,   0.4759, 7
B,  153, SER,  2.4923,   0.7884,   0.4918, 13
B,  154, PHE,  2.3413,   0.7210,   0.4647, 11
B,  155, SER,  1.2628,   0.2395,   0.2214, 7
B,  156, THR,  1.3610,   0.2833,   0.2472, 7
B,  157, PHE,  0.8702,   0.0643,   0.1184, 7
B,  158, LYS,  1.4241,   0.3115,   0.2636, 0
B,  159, TYR,  1.4484,   0.3224,   0.2698, 0
B,  160, GLY,  0.4283,  -0.1330,   0.0312, 0
B,  161, THR,  1.0939,   0.1641,   0.1767, 0
B,  162, LYS,  1.3606,   0.2832,   0.2471, 0
B,  163, ASN,  1.0177,   0.1301,   0.1567, 0
B,  164, ASP,  0.2839,  -0.1975,   0.0154, 0
B,  165, ASN,  0.4818,  -0.1092,   0.0385, 0
B,  166, VAL,  1.1220,   0.1767,   0.1842, 7
B,  167, TYR,  1.1842,   0.2044,   0.2007, 0
B,  168, VAL,  1.2154,   0.2183,   0.2088, 7
B,  169, GLY,  1.2144,   0.2179,   0.2086, 7
B,  170, ARG,  1.7330,   0.4494,   0.3395, 7
B,  171, GLN,  1.5663,   0.3750,   0.2995, 7
B,  172, ILE,  1.1329,   0.1815,   0.1871, 0
B,  173, ALA,  0.8845,   0.0706,   0.1221, 13
B,  174, PRO,  0.9101,   0.0820,   0.1287, 0
B,  175, GLY,  0.1486,  -0.2579,   0.0057, 0
B,  176, LYS,  0.7385,   0.0054,   0.0868, 13
B,  177, ILE,  0.7317,   0.0024,   0.0853, 0
B,  178, ASN,  0.2000,  -0.2350,   0.0088, 0
B,  179, LEU,  0.8184,   0.0411,   0.1056, 0
B,  180, PRO,  0.1884,  -0.2401,   0.0080, 0
B,  181, ASP,  0.3953,  -0.1478,   0.0271, 0
B,  182, ASP,  0.2536,  -0.2110,   0.0127, 0
B,  183, PHE,  1.4683,   0.3312,   0.2750, 0
B,  184, THR,  1.2683,   0.2419,   0.2228, 0
B,  185, GLY,  1.5340,   0.3606,   0.2915, 0
B,  186, CYS,  1.7350,   0.4503,   0.3400, 7
B,  187, VAL,  1.5713,   0.3772,   0.3008, 7
B,  188, TRP,  1.7226,   0.4447,   0.3371, 7
B,  189, GLY,  0.6864,  -0.0178,   0.0754, 13
B,  190, GLY,  1.3919,   0.2971,   0.2552, 13
B,  191, ASN,  1.6722,   0.4222,   0.3254, 0
B,  192, TYR,  3.0218,   1.0247,   0.5736, 13
B,  193, ASN,  2.2271,   0.6700,   0.4439, 0
B,  194, TYR,  3.8972,   1.4156,   0.6772, 16
B,  195, TYR,  1.3233,   0.2665,   0.2372, 16
B,  196, ARG,  1.6017,   0.3908,   0.3083, 0
B,  197, PHE,  1.1407,   0.1850,   0.1891, 0
B,  198, ARG,  1.3308,   0.2699,   0.2392, 0
B,  199, LYS,  0.4288,  -0.1328,   0.0312, 0
B,  200, SER,  0.2363,  -0.2187,   0.0114, 0
B,  201, ASN,  0.3137,  -0.1842,   0.0181, 0
B,  202, GLU,  0.2772,  -0.2005,   0.0148, 0
B,  203, ARG,  0.8435,   0.0523,   0.1119, 0
B,  204, SER,  0.3532,  -0.1666,   0.0222, 0
B,  205, THR,  0.3138,  -0.1841,   0.0181, 0
B,  206, ILE,  0.3683,  -0.1598,   0.0239, 0
B,  207, TYR,  0.6647,  -0.0275,   0.0709, 0
B,  208, GLN,  0.3345,  -0.1749,   0.0202, 0
B,  209, ALA,  0.3578,  -0.1645,   0.0227, 0
B,  210, GLY,  0.4556,  -0.1208,   0.0349, 0
B,  211, PRO,  0.7345,   0.0037,   0.0859, 0
B,  212, CYS,  1.6166,   0.3974,   0.3120, 0
B,  213, GLU,  1.4565,   0.3260,   0.2719, 0
B,  214, CYS,  1.2960,   0.2543,   0.2302, 0
B,  215, TYR,  1.1302,   0.1803,   0.1864, 0
B,  216, PHE,  2.5066,   0.7948,   0.4942, 16
B,  217, TYR,  0.7865,   0.0269,   0.0981, 0
B,  218, PHE,  2.9181,   0.9785,   0.5587, 16
B,  219, GLN,  0.6026,  -0.0552,   0.0587, 0
B,  220, PRO,  0.9187,   0.0859,   0.1308, 0
B,  221, THR,  0.8435,   0.0523,   0.1118, 0
B,  222, ASN,  1.3017,   0.2568,   0.2316, 0
B,  223, GLY,  1.0335,   0.1371,   0.1608, 0
B,  224, LEU,  2.3038,   0.7042,   0.4579, 11
B,  225, SER,  2.9015,   0.9710,   0.5563, 0
B,  226, GLU,  1.8749,   0.5127,   0.3716, 0
B,  227, HIS,  2.4208,   0.7565,   0.4790, 0
B,  228, ALA,  1.9075,   0.5273,   0.3789, 0
B,  229, PRO,  2.3671,   0.7325,   0.4694, 0
B,  230, ALA,  0.7365,   0.0045,   0.0864, 7
B,  231, THR,  1.2164,   0.2188,   0.2091, 0
B,  232, VAL,  1.0008,   0.1225,   0.1522, 0
B,  233, CYS,  1.4588,   0.3270,   0.2725, 0
B,  234, GLY,  1.1181,   0.1749,   0.1831, 0
B,  235, PRO,  1.2746,   0.2447,   0.2244, 0
B,  236, SER,  1.4919,   0.3418,   0.2809, 11
B,  237, THR,  0.8901,   0.0731,   0.1235, 0
B,  238, ASN,  0.5387,  -0.0837,   0.0474, 0
B,  239, LEU,  0.5312,  -0.0871,   0.0462, 0
B,  240, VAL,  0.2479,  -0.2135,   0.0123, 0
B,  241, LYS,  0.3671,  -0.1603,   0.0237, 0
B,  242, CYS,  0.3436,  -0.1709,   0.0212, 0
B,  243, VAL,  0.7928,   0.0297,   0.0996, 0
B,  244, PHE,  0.6865,  -0.0178,   0.0754, 0
B,  245, ASN,  1.5715,   0.3773,   0.3008, 0
B,  246, PHE,  1.4501,   0.3231,   0.2703, 11
B,  247, ASN,  1.5492,   0.3674,   0.2953, 0
B,  248, GLY,  0.6807,  -0.0203,   0.0743, 0
B,  249, THR,  0.7138,  -0.0056,   0.0813, 0
B,  250, GLY,  0.4053,  -0.1433,   0.0283, 0
B,  251, THR,  0.5898,  -0.0609,   0.0563, 0
B,  252, GLY,  0.8333,   0.0478,   0.1093, 0
B,  253, VAL,  0.9330,   0.0923,   0.1344, 0
B,  254, LEU,  0.7144,  -0.0053,   0.0814, 0
B,  255, THR,  0.7999,   0.0328,   0.1012, 0
B,  256, GLU,  0.2453,  -0.2147,   0.0121, 0
B,  257, SER,  0.3393,  -0.1728,   0.0207, 0
B,  258, LYS,  1.2368,   0.2279,   0.2146, 0
B,  259, PHE,  1.7078,   0.4381,   0.3338, 0
B,  260, GLN,  1.1048,   0.1690,   0.1796, 0
B,  261, PHE,  0.8264,   0.0447,   0.1075, 0
B,  262, ASP,  0.3390,  -0.1729,   0.0207, 0
B,  263, ILE,  0.1295,  -0.2664,   0.0047, 0
B,  264, ALA,  0.0747,  -0.2909,   0.0024, 0
B,  265, ASP,  0.0952,  -0.2817,   0.0032, 0
B,  266, THR,  0.3675,  -0.1602,   0.0238, 0
B,  267, ASP,  0.9812,   0.1138,   0.1470, 0
B,  268, VAL,  1.2102,   0.2160,   0.2074, 0
B,  269, ARG,  1.8408,   0.4975,   0.3639, 0
B,  270, ASP,  0.8563,   0.0580,   0.1150, 11
B,  271, PRO,  0.6727,  -0.0239,   0.0726, 0
B,  272, GLN,  0.8970,   0.0762,   0.1254, 0
B,  273, THR,  0.3562,  -0.1652,   0.0225, 0
B,  274, GLU,  0.9677,   0.1078,   0.1435, 11
B,  275, PRO,  0.4689,  -0.1149,   0.0367, 11
B,  276, SER,  0.3319,  -0.1761,   0.0199, 0
B,  277, PHE,  0.3939,  -0.1484,   0.0270, 0
B,  278, VAL,  0.7127,  -0.0061,   0.0810, 11
B,  279, PRO,  0.4589,  -0.1194,   0.0353, 0
B,  280, GLY,  0.5687,  -0.0704,   0.0526, 0
B,  281, THR,  0.8058,   0.0355,   0.1026, 11
B,  282, ASN,  1.4980,   0.3445,   0.2824, 11
B,  283, GLN,  1.5403,   0.3634,   0.2931, 0
B,  284, VAL,  2.6922,   0.8776,   0.5254, 11
B,  285, ALA,  0.9424,   0.0965,   0.1369, 0
B,  286, VAL,  1.9759,   0.5579,   0.3932, 11
B,  287, ASP,  1.6215,   0.3996,   0.3132, 0
B,  288, VAL,  1.9126,   0.5296,   0.3800, 0
B,  289, CYS,  2.6038,   0.8381,   0.5111, 0
B,  290, THR,  1.3874,   0.2951,   0.2540, 0
B,  291, GLU,  1.8991,   0.5236,   0.3770, 0
B,  292, PRO,  0.4986,  -0.1017,   0.0411, 0
B,  293, VAL,  0.3258,  -0.1788,   0.0193, 0
B,  294, ALA,  0.9670,   0.1074,   0.1433, 0
B,  295, ILE,  1.5837,   0.3828,   0.3039, 0
B,  296, HIS,  0.2410,  -0.2166,   0.0118, 0
B,  297, ALA,  0.2990,  -0.1908,   0.0167, 0
B,  298, GLN,  1.9392,   0.5415,   0.3856, 19
B,  299, LEU,  1.0159,   0.1293,   0.1563, 13
B,  300, THR,  1.9302,   0.5374,   0.3837, 13
B,  301, PRO,  1.1734,   0.1996,   0.1977, 13
B,  302, THR,  2.3241,   0.7133,   0.4616, 0
B,  303, TRP,  3.2435,   1.1237,   0.6029, 11
B,  304, ARG,  1.2613,   0.2388,   0.2210, 0
B,  305, TYR,  2.9276,   0.9827,   0.5601, 0
B,  306, THR,  1.2337,   0.2265,   0.2138, 0
B,  307, GLY,  0.5970,  -0.0577,   0.0576, 0
B,  308, ASN,  1.3913,   0.2968,   0.2550, 0
B,  309, VAL,  0.6557,  -0.0315,   0.0690, 0
B,  310, PHE,  0.4486,  -0.1240,   0.0339, 0
B,  311, ARG,  0.6153,  -0.0496,   0.0611, 0
B,  312, ALA,  0.7492,   0.0102,   0.0892, 0
B,  313, GLY,  0.4713,  -0.1139,   0.0370, 0
B,  314, CYS,  0.4484,  -0.1241,   0.0339, 0
B,  315, ILE,  1.9805,   0.5599,   0.3942, 0
B,  316, GLY,  1.4128,   0.3065,   0.2608, 0
B,  317, ALA,  0.8402,   0.0508,   0.1110, 0
B,  318, GLU,  0.6925,  -0.0151,   0.0767, 0
B,  319, HIS,  0.6511,  -0.0336,   0.0681, 0
B,  320, VAL,  0.5419,  -0.0823,   0.0479, 0
B,  321, ASN,  0.3662,  -0.1608,   0.0236, 0
B,  322, ASN,  0.4222,  -0.1358,   0.0304, 0
B,  323, TYR,  0.5800,  -0.0653,   0.0545, 0
B,  324, GLU,  0.4096,  -0.1414,   0.0288, 0
B,  325, CYS,  0.8545,   0.0572,   0.1145, 0
B,  326, ASP,  0.5575,  -0.0754,   0.0506, 0
B,  327, ILE,  0.4502,  -0.1233,   0.0341, 0
B,  328, PRO,  0.4389,  -0.1283,   0.0326, 0
B,  329, ILE,  0.5844,  -0.0634,   0.0553, 0
B,  330, ALA,  0.8562,   0.0580,   0.1150, 0
B,  331, GLY,  0.6664,  -0.0268,   0.0712, 0
B,  332, ILE,  0.7524,   0.0116,   0.0899, 0
B,  333, CYS,  0.6566,  -0.0311,   0.0692, 0
B,  334, ALA,  0.0353,  -0.3085,   0.0012, 0
B,  335, SER,  0.2050,  -0.2327,   0.0091, 0
B,  336, TYR,  0.4694,  -0.1147,   0.0367, 0
B,  337, GLN,  0.5791,  -0.0657,   0.0544, 0
B,  338, THR,  0.7862,   0.0267,   0.0980, 0
B,  339, ASN,  0.8686,   0.0635,   0.1180, 0
B,  340, SER,  0.9429,   0.0967,   0.1370, 0
B,  341, PRO,  0.4906,  -0.1052,   0.0399, 0
B,  342, ARG,  0.7130,  -0.0059,   0.0811, 0
B,  343, ARG,  0.6859,  -0.0180,   0.0753, 0
B,  344, VAL,  0.2303,  -0.2214,   0.0110, 0
B,  345, ALA,  0.2974,  -0.1915,   0.0166, 0
B,  346, SER,  0.4781,  -0.1108,   0.0380, 0
B,  347, GLN,  0.6022,  -0.0554,   0.0586, 0
B,  348, SER,  0.7392,   0.0058,   0.0870, 0
B,  349, ILE,  0.4551,  -0.1211,   0.0348, 0
B,  350, ILE,  0.2929,  -0.1935,   0.0162, 0
B,  351, ALA,  0.0311,  -0.3103,   0.0010, 0
B,  352, THR,  0.3174,  -0.1826,   0.0185, 0
B,  353, MET,  0.8292,   0.0459,   0.1082, 0
B,  354, SER,  0.5470,  -0.0800,   0.0488, 0
B,  355, LEU,  0.2608,  -0.2078,   0.0133, 0
B,  356, GLY,  0.0723,  -0.2920,   0.0023, 0
B,  357, GLU,  0.0623,  -0.2964,   0.0020, 0
B,  358, ASN,  0.1337,  -0.2646,   0.0049, 0
B,  359, SER,  0.0903,  -0.2839,   0.0030, 0
B,  360, ALA,  0.1122,  -0.2741,   0.0040, 0
B,  361, TYR,  0.2117,  -0.2297,   0.0096, 0
B,  362, ASN,  0.1884,  -0.2402,   0.0080, 0
B,  363, ASN,  0.1663,  -0.2500,   0.0067, 0
B,  364, THR,  0.2853,  -0.1969,   0.0155, 0
B,  365, ASN,  0.1958,  -0.2368,   0.0085, 0
B,  366, PHE,  0.5264,  -0.0892,   0.0454, 0
B,  367, THR,  0.2621,  -0.2072,   0.0134, 0
B,  368, VAL,  0.2703,  -0.2035,   0.0142, 0
B,  369, THR,  0.4214,  -0.1361,   0.0303, 0
B,  370, THR,  0.2329,  -0.2203,   0.0111, 0
B,  371, PRO,  0.2019,  -0.2341,   0.0089, 0
B,  372, VAL,  0.1887,  -0.2400,   0.0081, 0
B,  373, MET,  0.2179,  -0.2270,   0.0100, 0
B,  374, TYR,  0.3859,  -0.1520,   0.0259, 0
B,  375, GLY,  0.3250,  -0.1791,   0.0192, 0
B,  376, ASP,  0.7715,   0.0202,   0.0944, 0
B,  377, THR,  0.3423,  -0.1714,   0.0210, 0
B,  378, LEU,  1.0420,   0.1409,   0.1630, 0
B,  379, GLY,  0.3857,  -0.1521,   0.0259, 0
B,  380, SER,  1.1094,   0.1710,   0.1808, 0
B,  381, PHE,  1.3715,   0.2880,   0.2499, 0
B,  382, CYS,  1.6095,   0.3943,   0.3102, 0
B,  383, THR,  1.5685,   0.3760,   0.3001, 0
B,  384, GLN,  0.8978,   0.0765,   0.1256, 0
B,  385, ARG,  2.3257,   0.7140,   0.4619, 0
B,  386, ALA,  0.5860,  -0.0626,   0.0556, 0
B,  387, ALA,  0.2532,  -0.2112,   0.0127, 0
B,  388, VAL,  1.0746,   0.1555,   0.1718, 0
B,  389, GLN,  2.6508,   0.8591,   0.5190, 0
B,  390, ASP,  0.8633,   0.0611,   0.1167, 0
B,  391, LYS,  0.9444,   0.0973,   0.1374, 0
B,  392, ASN,  1.3211,   0.2655,   0.2367, 0
B,  393, THR,  1.8517,   0.5024,   0.3664, 3
B,  394, GLN,  0.8924,   0.0742,   0.1242, 0
B,  395, PHE,  1.5657,   0.3747,   0.2994, 3
B,  396, ALA,  1.1316,   0.1809,   0.1867, 0
B,  397, GLN,  0.2761,  -0.2010,   0.0147, 0
B,  398, ILE,  0.7521,   0.0115,   0.0899, 0
B,  399, TYR,  0.5792,  -0.0657,   0.0544, 0
B,  400, ILE,  1.7859,   0.4730,   0.3515, 9
B,  401, LYS,  0.5113,  -0.0960,   0.0431, 0
B,  402, ASP,  1.4676,   0.3309,   0.2748, 9
B,  403, PHE,  1.2707,   0.2430,   0.2234, 9
B,  404, GLY,  0.4520,  -0.1224,   0.0344, 0
B,  405, GLY,  0.6106,  -0.0516,   0.0602, 0
B,  406, PHE,  2.4676,   0.7773,   0.4874, 9
B,  407, PHE,  1.5573,   0.3710,   0.2973, 0
B,  408, ILE,  1.8713,   0.5111,   0.3708, 9
B,  409, LEU,  0.5926,  -0.0597,   0.0568, 0
B,  410, PRO,  0.2056,  -0.2325,   0.0092, 0
B,  411, SER,  0.8283,   0.0456,   0.1080, 0
B,  412, GLU,  0.9223,   0.0875,   0.1317, 3
B,  413, ASP,  0.2426,  -0.2159,   0.0119, 0
B,  414, LEU,  0.3216,  -0.1807,   0.0189, 0
B,  415, LEU,  0.6125,  -0.0508,   0.0606, 0
B,  416, PHE,  1.0789,   0.1574,   0.1729, 3
B,  417, VAL,  1.0305,   0.1358,   0.1600, 0
B,  418, THR,  0.8217,   0.0426,   0.1064, 0
B,  419, LEU,  1.8133,   0.4852,   0.3577, 0
B,  420, ALA,  0.8993,   0.0772,   0.1260, 0
B,  421, ALA,  1.1114,   0.1719,   0.1813, 0
B,  422, GLY,  1.1660,   0.1963,   0.1957, 0
B,  423, PHE,  0.7041,  -0.0099,   0.0791, 0
B,  424, ILE,  0.2701,  -0.2036,   0.0141, 0
B,  425, LYS,  1.4340,   0.3159,   0.2661, 0
B,  426, GLN,  0.1473,  -0.2585,   0.0056, 0
B,  427, TYR,  1.2526,   0.2349,   0.2187, 0
B,  428, GLY,  0.1189,  -0.2712,   0.0043, 0
B,  429, ASP,  1.1960,   0.2097,   0.2037, 0
B,  430, LEU,  1.0124,   0.1277,   0.1553, 3
B,  431, GLY,  0.1378,  -0.2627,   0.0051, 0
B,  432, VAL,  0.3331,  -0.1755,   0.0201, 0
B,  433, MET,  1.8372,   0.4959,   0.3631, 3
B,  434, ILE,  0.6672,  -0.0264,   0.0714, 3
B,  435, GLN,  0.4002,  -0.1456,   0.0277, 0
B,  436, TYR,  0.8236,   0.0434,   0.1068, 3
B,  437, THR,  0.9509,   0.1003,   0.1391, 3
B,  438, LEU,  1.8983,   0.5232,   0.3768, 3
B,  439, LEU,  1.8937,   0.5212,   0.3758, 9
B,  440, ALA,  1.3354,   0.2719,   0.2404, 0
B,  441, ILE,  2.8123,   0.9312,   0.5435, 9
B,  442, THR,  2.5779,   0.8266,   0.5067, 0
B,  443, SER,  2.1067,   0.6162,   0.4206, 0
B,  444, PHE,  1.7559,   0.4596,   0.3447, 0
B,  445, ALA,  0.6924,  -0.0151,   0.0767, 0
B,  446, GLY,  1.1619,   0.1945,   0.1946, 0
B,  447, ALA,  0.9354,   0.0934,   0.1351, 21
B,  448, ALA,  1.6640,   0.4186,   0.3235, 21
B,  449, GLN,  2.0680,   0.5989,   0.4127, 21
B,  450, PHE,  3.0531,   1.0387,   0.5778, 9
B,  451, ALA,  2.4076,   0.7506,   0.4766, 0
B,  452, MET,  1.9276,   0.5363,   0.3832, 21
B,  453, GLY,  1.1778,   0.2016,   0.1989, 0
B,  454, ILE,  2.8127,   0.9314,   0.5436, 0
B,  455, GLY,  1.1246,   0.1778,   0.1849, 0
B,  456, VAL,  2.2163,   0.6652,   0.4419, 0
B,  457, THR,  0.9315,   0.0916,   0.1341, 21
B,  458, GLN,  1.3414,   0.2746,   0.2420, 0
B,  459, ASN,  0.8683,   0.0634,   0.1179, 0
B,  460, VAL,  1.2236,   0.2220,   0.2110, 0
B,  461, LEU,  0.3955,  -0.1477,   0.0272, 0
B,  462, TYR,  1.8988,   0.5234,   0.3769, 0
B,  463, LYS,  0.9758,   0.1114,   0.1456, 0
B,  464, LEU,  0.2627,  -0.2070,   0.0135, 0
B,  465, ILE,  1.7178,   0.4426,   0.3360, 0
B,  466, ALA,  0.6184,  -0.0482,   0.0617, 0
B,  467, ASN,  2.5028,   0.7931,   0.4936, 9
B,  468, SER,  1.6958,   0.4328,   0.3311, 9
B,  469, ALA,  2.3907,   0.7430,   0.4736, 9
B,  470, ILE,  1.0400,   0.1400,   0.1625, 0
B,  471, GLY,  0.6775,  -0.0218,   0.0736, 3
B,  472, LYS,  1.8070,   0.4824,   0.3563, 3
B,  473, ILE,  1.7475,   0.4559,   0.3429, 3
B,  474, GLN,  2.4294,   0.7603,   0.4805, 3
B,  475, SER,  1.6117,   0.3953,   0.3108, 0
B,  476, LEU,  1.5621,   0.3731,   0.2985, 0
B,  477, SER,  1.5603,   0.3723,   0.2980, 0
B,  478, SER,  0.5422,  -0.0822,   0.0480, 0
B,  479, GLN,  1.5128,   0.3511,   0.2862, 0
B,  480, VAL,  1.8334,   0.4942,   0.3622, 0
B,  481, ASN,  0.6923,  -0.0152,   0.0766, 0
B,  482, GLN,  0.5463,  -0.0803,   0.0487, 0
B,  483, ALA,  0.7321,   0.0026,   0.0854, 0
B,  484, LEU,  0.5515,  -0.0781,   0.0496, 0
B,  485, ASN,  1.2500,   0.2338,   0.2180, 0
B,  486, VAL,  0.3849,  -0.1524,   0.0258, 0
B,  487, SER,  0.3809,  -0.1542,   0.0253, 0
B,  488, SER,  0.4782,  -0.1108,   0.0380, 0
B,  489, VAL,  0.1577,  -0.2538,   0.0062, 0
B,  490, LEU,  0.2483,  -0.2134,   0.0123, 0
B,  491, ASN,  0.1007,  -0.2793,   0.0034, 0
B,  492, ASP,  0.0708,  -0.2926,   0.0023, 0
B,  493, LEU,  0.0767,  -0.2900,   0.0025, 0
B,  494, LEU,  0.0679,  -0.2939,   0.0022, 0
B,  495, LYS,  0.0863,  -0.2857,   0.0028, 0
B,  496, VAL,  0.0878,  -0.2850,   0.0029, 0
B,  497, ALA,  0.1016,  -0.2789,   0.0035, 0
B,  498, GLU,  0.1320,  -0.2653,   0.0049, 0
B,  499, VAL,  0.4248,  -0.1346,   0.0307, 0
B,  500, GLN,  0.6797,  -0.0208,   0.0741, 0
B,  501, ASP,  1.5547,   0.3698,   0.2966, 0
B,  502, ARG,  1.2687,   0.2421,   0.2229, 0
B,  503, ILE,  1.8631,   0.5075,   0.3690, 0
B,  504, LEU,  2.1242,   0.6240,   0.4240, 0
B,  505, LEU,  1.8170,   0.4869,   0.3585, 0
B,  506, THR,  1.0260,   0.1338,   0.1588, 0
B,  507, GLN,  2.6764,   0.8706,   0.5230, 0
B,  508, GLN,  1.5835,   0.3826,   0.3038, 0
B,  509, LEU,  1.3902,   0.2964,   0.2548, 0
B,  510, ILE,  1.2641,   0.2401,   0.2217, 0
B,  511, ARG,  2.7251,   0.8923,   0.5306, 0
B,  512, ALA,  1.8164,   0.4867,   0.3584, 0
B,  513, ILE,  1.4555,   0.3255,   0.2717, 0
B,  514, ARG,  2.6520,   0.8597,   0.5192, 0
B,  515, ALA,  1.3730,   0.2887,   0.2503, 0
B,  516, SER,  1.3941,   0.2981,   0.2558, 0
B,  517, ALA,  1.0914,   0.1630,   0.1761, 3
B,  518, ASN,  1.8995,   0.5237,   0.3771, 0
B,  519, LEU,  2.7202,   0.8901,   0.5298, 0
B,  520, ALA,  2.1097,   0.6176,   0.4212, 3
B,  521, ALA,  1.3323,   0.2705,   0.2396, 0
B,  522, THR,  2.3314,   0.7165,   0.4629, 14
B,  523, MET,  2.6058,   0.8390,   0.5115, 0
B,  524, SER,  1.6194,   0.3987,   0.3127, 0
B,  525, LEU,  1.8067,   0.4823,   0.3562, 0
B,  526, GLY,  0.9829,   0.1145,   0.1474, 0
B,  527, GLN,  1.1780,   0.2016,   0.1990, 0
B,  528, ARG,  1.7420,   0.4534,   0.3416, 14
B,  529, VAL,  1.6943,   0.4321,   0.3307, 14
B,  530, ASP,  1.6263,   0.4018,   0.3144, 0
B,  531, PHE,  2.5694,   0.8228,   0.5051, 14
B,  532, CYS,  1.2466,   0.2323,   0.2172, 0
B,  533, GLY,  1.0222,   0.1321,   0.1579, 0
B,  534, LYS,  0.8955,   0.0755,   0.1250, 0
B,  535, GLY,  1.1249,   0.1779,   0.1850, 0
B,  536, TYR,  1.9279,   0.5364,   0.3832, 0
B,  537, HIS,  1.1728,   0.1993,   0.1976, 0
B,  538, MET,  1.0676,   0.1524,   0.1699, 0
B,  539, PRO,  1.2503,   0.2339,   0.2181, 0
B,  540, GLN,  1.0465,   0.1429,   0.1642, 9
B,  541, ALA,  0.9581,   0.1035,   0.1411, 9
B,  542, PRO,  1.8671,   0.5093,   0.3699, 3
B,  543, PHE,  2.7047,   0.8832,   0.5274, 3
B,  544, LEU,  0.4318,  -0.1315,   0.0316, 0
B,  545, HIS,  1.7360,   0.4508,   0.3402, 0
B,  546, VAL,  0.3941,  -0.1483,   0.0270, 0
B,  547, THR,  0.4418,  -0.1270,   0.0330, 0
B,  548, TYR,  1.8775,   0.5139,   0.3722, 0
B,  549, VAL,  0.7106,  -0.0070,   0.0805, 0
B,  550, PRO,  0.8893,   0.0727,   0.1233, 0
B,  551, ALA,  0.1651,  -0.2505,   0.0066, 0
B,  552, GLN,  1.1219,   0.1766,   0.1842, 0
B,  553, LYS,  0.7205,  -0.0026,   0.0827, 0
B,  554, ASN,  0.5422,  -0.0822,   0.0480, 0
B,  555, PHE,  1.5811,   0.3816,   0.3033, 20
B,  556, THR,  0.9432,   0.0968,   0.1371, 0
B,  557, THR,  0.9059,   0.0802,   0.1277, 20
B,  558, ALA,  0.4613,  -0.1183,   0.0356, 0
B,  559, PRO,  0.5318,  -0.0868,   0.0463, 0
B,  560, ALA,  0.0212,  -0.3148,   0.0008, 0
B,  561, ILE,  0.3223,  -0.1803,   0.0190, 0
B,  562, CYS,  1.5479,   0.3668,   0.2950, 0
B,  563, HIS,  1.4560,   0.3257,   0.2718, 0
B,  564, ALA,  0.4961,  -0.1028,   0.0407, 0
B,  565, HIS,  0.5259,  -0.0895,   0.0454, 0
B,  566, PHE,  1.6222,   0.3999,   0.3134, 0
B,  567, PRO,  0.9591,   0.1039,   0.1413, 0
B,  568, VAL,  1.0737,   0.1551,   0.1716, 20
B,  569, PHE,  0.5506,  -0.0784,   0.0494, 0
B,  570, VAL,  0.7126,  -0.0061,   0.0810, 0
B,  571, THR,  0.9583,   0.1036,   0.1411, 0
B,  572, HIS,  1.0584,   0.1483,   0.1674, 0
B,  573, TRP,  2.1088,   0.6172,   0.4210, 0
B,  574, PHE,  1.7482,   0.4562,   0.3430, 0
B,  575, VAL,  1.4108,   0.3056,   0.2602, 0
B,  576, THR,  0.8421,   0.0517,   0.1115, 0
B,  577, GLN,  1.6448,   0.4100,   0.3189, 20
B,  578, PHE,  1.7169,   0.4422,   0.3358, 0
B,  579, TYR,  2.0901,   0.6088,   0.4173, 0
B,  580, PRO,  1.1638,   0.1953,   0.1951, 0
B,  581, GLN,  1.7805,   0.4706,   0.3503, 0
B,  582, ASN,  1.4231,   0.3110,   0.2633, 0
B,  583, THR,  0.6269,  -0.0444,   0.0634, 0
B,  584, PHE,  2.2932,   0.6995,   0.4560, 0
B,  585, VAL,  1.1454,   0.1871,   0.1903, 0
B,  586, SER,  1.5925,   0.3867,   0.3060, 0
B,  587, GLY,  0.7162,  -0.0045,   0.0818, 0
B,  588, ASN,  0.5812,  -0.0648,   0.0548, 0
B,  589, CYS,  1.4759,   0.3346,   0.2769, 0
B,  590, ASP,  0.6798,  -0.0207,   0.0741, 0
B,  591, VAL,  0.4512,  -0.1228,   0.0343, 0
B,  592, VAL,  0.8966,   0.0760,   0.1253, 0
B,  593, ILE,  0.7931,   0.0298,   0.0996, 0
B,  594, GLY,  0.8579,   0.0588,   0.1154, 0
B,  595, ILE,  0.8569,   0.0583,   0.1151, 0
B,  596, VAL,  0.9144,   0.0840,   0.1298, 0
B,  597, ASN,  1.3980,   0.2999,   0.2568, 0
B,  598, ASN,  0.8366,   0.0492,   0.1101, 0
B,  599, THR,  0.6828,  -0.0194,   0.0747, 0
B,  600, VAL,  1.0088,   0.1261,   0.1543, 0
B,  601, TYR,  1.1222,   0.1767,   0.1842, 0
B,  602, ASP,  0.7249,  -0.0006,   0.0837, 0
B,  603, PRO,  0.3536,  -0.1664,   0.0222, 0
B,  604, GLN,  0.4448,  -0.1257,   0.0334, 0
B,  605, PRO,  0.1400,  -0.2617,   0.0053, 0
C,    6, GLN,  0.4593,  -0.1192,   0.0353, 0
C,    7, CYS,  0.4739,  -0.1127,   0.0374, 0
C,    8, VAL,  0.2102,  -0.2304,   0.0095, 0
C,    9, ASN,  0.7137,  -0.0056,   0.0812, 0
C,   10, LEU,  0.4788,  -0.1105,   0.0381, 0
C,   11, THR,  1.3176,   0.2639,   0.2357, 0
C,   12, THR,  0.9812,   0.1138,   0.1470, 0
C,   13, ARG,  1.4344,   0.3161,   0.2662, 0
C,   14, THR,  0.3693,  -0.1594,   0.0240, 0
C,   15, GLN,  0.5477,  -0.0797,   0.0489, 0
C,   16, LEU,  0.2817,  -0.1985,   0.0152, 0
C,   17, TYR,  0.2647,  -0.2061,   0.0137, 0
C,   18, THR,  0.2294,  -0.2218,   0.0109, 0
C,   19, ASN,  0.2597,  -0.2083,   0.0132, 0
C,   20, THR,  0.4059,  -0.1430,   0.0284, 0
C,   21, ARG,  0.4715,  -0.1137,   0.0371, 0
C,   22, GLY,  0.2429,  -0.2158,   0.0119, 0
C,   23, ASP,  0.1693,  -0.2487,   0.0069, 0
C,   24, LYS,  0.2780,  -0.2001,   0.0149, 0
C,   25, VAL,  0.3169,  -0.1828,   0.0184, 0
C,   26, SER,  0.3619,  -0.1627,   0.0231, 0
C,   27, SER,  0.3801,  -0.1546,   0.0252, 0
C,   28, VAL,  0.2976,  -0.1914,   0.0166, 0
C,   29, PHE,  0.3754,  -0.1566,   0.0247, 0
C,   30, LEU,  0.2802,  -0.1992,   0.0151, 0
C,   31, PRO,  0.5941,  -0.0590,   0.0571, 0
C,   32, PHE,  0.3143,  -0.1839,   0.0182, 0
C,   33, PHE,  0.3205,  -0.1812,   0.0188, 0
C,   34, SER,  0.5297,  -0.0878,   0.0460, 0
C,   35, ASN,  0.6934,  -0.0147,   0.0769, 0
C,   36, VAL,  0.3029,  -0.1890,   0.0171, 0
C,   37, THR,  0.3961,  -0.1474,   0.0272, 0
C,   38, ALA,  0.1184,  -0.2714,   0.0042, 0
C,   39, ILE,  0.7162,  -0.0045,   0.0818, 0
C,   40, VAL,  0.8825,   0.0697,   0.1216, 0
C,   41, SER,  0.8153,   0.0397,   0.1048, 0
C,   42, GLY,  0.6142,  -0.0500,   0.0609, 0
C,   43, THR,  0.2956,  -0.1923,   0.0164, 0
C,   44, ASN,  0.2121,  -0.2296,   0.0096, 0
C,   45, GLY,  0.5228,  -0.0909,   0.0449, 0
C,   46, THR,  1.0385,   0.1394,   0.1621, 0
C,   47, LYS,  1.0447,   0.1421,   0.1637, 0
C,   48, ASP,  0.6488,  -0.0346,   0.0676, 0
C,   49, ASN,  1.2829,   0.2485,   0.2266, 0
C,   50, PHE,  0.7166,  -0.0043,   0.0819, 0
C,   51, ASN,  0.8192,   0.0415,   0.1058, 0
C,   52, ASP,  0.6605,  -0.0294,   0.0700, 0
C,   53, VAL,  0.4724,  -0.1134,   0.0372, 0
C,   54, TYR,  0.8599,   0.0596,   0.1158, 0
C,   55, PHE,  0.6017,  -0.0556,   0.0585, 0
C,   56, ALA,  0.6713,  -0.0245,   0.0723, 0
C,   57, GLU,  0.8828,   0.0699,   0.1216, 0
C,   58, ILE,  0.7230,  -0.0015,   0.0833, 23
C,   59, ARG,  1.1170,   0.1744,   0.1828, 23
C,   60, PHE,  1.0681,   0.1526,   0.1701, 23
C,   61, ILE,  0.6234,  -0.0459,   0.0627, 0
C,   62, LYS,  0.9706,   0.1091,   0.1442, 0
C,   63, VAL,  0.1418,  -0.2609,   0.0053, 0
C,   64, GLU,  0.3815,  -0.1539,   0.0254, 0
C,   65, ASP,  0.8141,   0.0392,   0.1045, 0
C,   66, PRO,  1.0703,   0.1536,   0.1707, 0
C,   67, PHE,  1.1511,   0.1896,   0.1918, 0
C,   68, LEU,  1.4736,   0.3336,   0.2763, 23
C,   69, VAL,  0.8804,   0.0688,   0.1210, 0
C,   70, TYR,  1.1752,   0.2004,   0.1982, 0
C,   71, TYR,  0.5004,  -0.1008,   0.0414, 0
C,   72, HIS,  0.1926,  -0.2382,   0.0083, 0
C,   73, LYS,  0.2566,  -0.2097,   0.0130, 0
C,   74, ASN,  0.1654,  -0.2504,   0.0067, 0
C,   75, ASN,  0.3151,  -0.1836,   0.0182, 0
C,   76, LYS,  0.2143,  -0.2286,   0.0098, 0
C,   77, GLU,  0.3733,  -0.1576,   0.0244, 0
C,   78, PHE,  1.6645,   0.4188,   0.3236, 23
C,   79, ARG,  1.1858,   0.2051,   0.2011, 0
C,   80, PHE,  1.0442,   0.1419,   0.1636, 0
C,   81, GLU,  0.3963,  -0.1473,   0.0272, 23
C,   82, TYR,  1.0875,   0.1612,   0.1751, 0
C,   83, VAL,  0.1120,  -0.2742,   0.0040, 0
C,   84, GLN,  0.1406,  -0.2615,   0.0053, 0
C,   85, PRO,  0.1605,  -0.2526,   0.0064, 0
C,   86, ASN,  0.4992,  -0.1014,   0.0412, 0
C,   87, PHE,  0.5412,  -0.0826,   0.0478, 0
C,   88, VAL,  0.6911,  -0.0157,   0.0764, 23
C,   89, HIS,  0.5188,  -0.0926,   0.0442, 0
C,   90, ARG,  0.8221,   0.0428,   0.1065, 0
C,   91, GLN,  0.2910,  -0.1944,   0.0160, 0
C,   92, GLY,  0.3080,  -0.1867,   0.0176, 0
C,   93, ALA,  0.1012,  -0.2791,   0.0034, 0
C,   94, LEU,  0.1134,  -0.2736,   0.0040, 0
C,   95, ILE,  0.3467,  -0.1695,   0.0215, 0
C,   96, GLY,  0.0771,  -0.2898,   0.0025, 0
C,   97, ILE,  0.2550,  -0.2104,   0.0129, 0
C,   98, ASN,  0.1033,  -0.2781,   0.0035, 0
C,   99, ILE,  0.6061,  -0.0536,   0.0594, 0
C,  100, THR,  0.4044,  -0.1437,   0.0282, 0
C,  101, THR,  0.7989,   0.0324,   0.1010, 0
C,  102, THR,  0.9717,   0.1096,   0.1445, 0
C,  103, PRO,  0.6633,  -0.0281,   0.0706, 0
C,  104, GLY,  1.0083,   0.1259,   0.1542, 0
C,  105, ASP,  0.7346,   0.0037,   0.0860, 0
C,  106, SER,  0.9262,   0.0893,   0.1327, 0
C,  107, SER,  1.0954,   0.1648,   0.1771, 0
C,  108, SER,  0.5326,  -0.0865,   0.0464, 0
C,  109, GLY,  0.8283,   0.0455,   0.1080, 0
C,  110, THR,  0.6757,  -0.0226,   0.0733, 0
C,  111, ALA,  0.6387,  -0.0391,   0.0656, 0
C,  112, ALA,  0.9623,   0.1053,   0.1421, 0
C,  113, ALA,  0.7801,   0.0240,   0.0965, 0
C,  114, TYR,  0.9036,   0.0792,   0.1271, 0
C,  115, TYR,  0.8473,   0.0540,   0.1128, 0
C,  116, GLY,  0.2016,  -0.2343,   0.0089, 0
C,  117, TYR,  0.7670,   0.0181,   0.0933, 0
C,  118, LEU,  0.4586,  -0.1195,   0.0353, 0
C,  119, GLN,  0.6182,  -0.0483,   0.0617, 0
C,  120, GLY,  0.3315,  -0.1763,   0.0199, 0
C,  121, ILE,  0.4856,  -0.1075,   0.0391, 0
C,  122, THR,  0.2848,  -0.1971,   0.0155, 0
C,  123, ALA,  0.1074,  -0.2763,   0.0037, 0
C,  124, LEU,  0.1925,  -0.2383,   0.0083, 0
C,  125, VAL,  0.0312,  -0.3103,   0.0010, 0
C,  126, GLU,  0.0353,  -0.3085,   0.0012, 0
C,  127, LYS,  0.0568,  -0.2989,   0.0018, 0
C,  128, TYR,  0.2143,  -0.2286,   0.0098, 0
C,  129, GLN,  0.2494,  -0.2129,   0.0124, 0
C,  130, THR,  0.3662,  -0.1608,   0.0236, 0
C,  131, ARG,  0.3557,  -0.1654,   0.0225, 0
C,  132, VAL,  0.3632,  -0.1621,   0.0233, 0
C,  133, ASN,  0.1326,  -0.2650,   0.0049, 0
C,  134, ILE,  0.5308,  -0.0873,   0.0461, 0
C,  135, THR,  0.1565,  -0.2544,   0.0061, 0
C,  136, ASN,  0.2957,  -0.1922,   0.0164, 0
C,  137, CYS,  1.1015,   0.1675,   0.1787, 0
C,  138, PRO,  0.5175,  -0.0932,   0.0440, 0
C,  139, PHE,  1.1488,   0.1886,   0.1912, 6
C,  140, GLY,  0.0707,  -0.2927,   0.0023, 0
C,  141, GLU,  0.3572,  -0.1648,   0.0226, 0
C,  142, VAL,  1.1466,   0.1876,   0.1906, 6
C,  143, PHE,  1.5493,   0.3674,   0.2953, 6
C,  144, ALA,  0.2194,  -0.2263,   0.0102, 0
C,  145, THR,  0.4427,  -0.1266,   0.0331, 0
C,  146, ARG,  1.4466,   0.3215,   0.2694, 0
C,  147, PHE,  1.9653,   0.5531,   0.3910, 17
C,  148, ALA,  2.3075,   0.7059,   0.4586, 0
C,  149, SER,  2.6512,   0.8593,   0.5191, 0
C,  150, TRP,  3.2892,   1.1441,   0.6088, 17
C,  151, ASP,  1.9669,   0.5538,   0.3913, 0
C,  152, TYR,  2.4784,   0.7822,   0.4894, 17
C,  153, SER,  1.5403,   0.3634,   0.2931, 0
C,  154, PHE,  1.1980,   0.2106,   0.2042, 0
C,  155, SER,  1.0472,   0.1433,   0.1644, 0
C,  156, THR,  1.0549,   0.1467,   0.1665, 0
C,  157, PHE,  1.0417,   0.1408,   0.1629, 6
C,  158, LYS,  1.0369,   0.1387,   0.1617, 0
C,  159, TYR,  0.9548,   0.1020,   0.1402, 0
C,  160, GLY,  0.3012,  -0.1898,   0.0169, 0
C,  161, THR,  1.0513,   0.1451,   0.1655, 0
C,  162, LYS,  1.0241,   0.1329,   0.1584, 6
C,  163, ASN,  1.4375,   0.3175,   0.2670, 6
C,  164, ASP,  0.4035,  -0.1441,   0.0281, 0
C,  165, ASN,  0.4260,  -0.1341,   0.0308, 0
C,  166, VAL,  1.6176,   0.3979,   0.3122, 6
C,  167, TYR,  1.2624,   0.2393,   0.2213, 6
C,  168, VAL,  1.0071,   0.1253,   0.1539, 6
C,  169, GLY,  1.3579,   0.2819,   0.2464, 6
C,  170, ARG,  1.4268,   0.3127,   0.2643, 0
C,  171, GLN,  1.5177,   0.3533,   0.2875, 0
C,  172, ILE,  0.7728,   0.0208,   0.0947, 0
C,  173, ALA,  0.5777,  -0.0663,   0.0541, 0
C,  174, PRO,  0.6783,  -0.0214,   0.0738, 0
C,  175, GLY,  0.0659,  -0.2948,   0.0021, 0
C,  176, LYS,  0.9089,   0.0815,   0.1284, 0
C,  177, ILE,  0.3192,  -0.1817,   0.0186, 0
C,  178, ASN,  0.2156,  -0.2280,   0.0099, 0
C,  179, LEU,  0.3307,  -0.1766,   0.0198, 0
C,  180, PRO,  0.2335,  -0.2200,   0.0112, 0
C,  181, ASP,  0.2220,  -0.2251,   0.0103, 0
C,  182, ASP,  0.1701,  -0.2483,   0.0070, 0
C,  183, PHE,  1.4601,   0.3276,   0.2729, 6
C,  184, THR,  1.3049,   0.2583,   0.2325, 6
C,  185, GLY,  1.5557,   0.3703,   0.2969, 6
C,  186, CYS,  1.3880,   0.2954,   0.2542, 6
C,  187, VAL,  1.2729,   0.2440,   0.2240, 6
C,  188, TRP,  1.8800,   0.5150,   0.3727, 6
C,  189, GLY,  0.9918,   0.1185,   0.1497, 0
C,  190, GLY,  0.7760,   0.0222,   0.0955, 0
C,  191, ASN,  2.1642,   0.6419,   0.4319, 0
C,  192, TYR,  0.6850,  -0.0184,   0.0751, 0
C,  193, ASN,  2.2298,   0.6712,   0.4445, 0
C,  194, TYR,  3.1659,   1.0891,   0.5929, 0
C,  195, TYR,  2.3819,   0.7391,   0.4720, 0
C,  196, ARG,  2.1754,   0.6469,   0.4341, 0
C,  197, PHE,  2.0825,   0.6054,   0.4158, 0
C,  198, ARG,  1.5644,   0.3741,   0.2990, 0
C,  199, LYS,  0.6438,  -0.0369,   0.0666, 0
C,  200, SER,  1.0303,   0.1357,   0.1600, 0
C,  201, ASN,  1.0409,   0.1404,   0.1627, 0
C,  202, GLU,  0.2286,  -0.2222,   0.0108, 0
C,  203, ARG,  0.7482,   0.0098,   0.0890, 0
C,  204, SER,  0.4242,  -0.1348,   0.0306, 0
C,  205, THR,  0.5243,  -0.0902,   0.0451, 0
C,  206, ILE,  0.5049,  -0.0988,   0.0421, 0
C,  207, TYR,  1.1936,   0.2086,   0.2031, 0
C,  208, GLN,  0.0831,  -0.2872,   0.0027, 0
C,  209, ALA,  0.0612,  -0.2969,   0.0020, 0
C,  210, GLY,  0.5746,  -0.0677,   0.0536, 0
C,  211, PRO,  0.6680,  -0.0260,   0.0716, 0
C,  212, CYS,  1.8681,   0.5097,   0.3701, 0
C,  213, GLU,  1.2506,   0.2340,   0.2182, 0
C,  214, CYS,  2.0755,   0.6023,   0.4143, 0
C,  215, TYR,  1.6198,   0.3989,   0.3128, 0
C,  216, PHE,  3.4597,   1.2202,   0.6292, 0
C,  217, TYR,  0.9163,   0.0848,   0.1302, 0
C,  218, PHE,  2.3332,   0.7173,   0.4632, 0
C,  219, GLN,  0.1696,  -0.2485,   0.0069, 0
C,  220, PRO,  0.1418,  -0.2609,   0.0054, 0
C,  221, THR,  0.0986,  -0.2802,   0.0033, 0
C,  222, ASN,  0.1752,  -0.2460,   0.0072, 0
C,  223, GLY,  0.1238,  -0.2690,   0.0045, 0
C,  224, LEU,  0.6151,  -0.0497,   0.0611, 0
C,  225, SER,  1.0366,   0.1385,   0.1616, 0
C,  226, GLU,  1.1425,   0.1858,   0.1895, 0
C,  227, HIS,  0.9908,   0.1181,   0.1495, 0
C,  228, ALA,  0.8088,   0.0368,   0.1033, 17
C,  229, PRO,  0.3089,  -0.1863,   0.0176, 0
C,  230, ALA,  0.2901,  -0.1947,   0.0159, 0
C,  231, THR,  0.4970,  -0.1024,   0.0408, 0
C,  232, VAL,  0.5850,  -0.0631,   0.0554, 0
C,  233, CYS,  1.0805,   0.1581,   0.1733, 0
C,  234, GLY,  0.6813,  -0.0201,   0.0744, 0
C,  235, PRO,  0.5183,  -0.0929,   0.0442, 0
C,  236, SER,  0.6010,  -0.0559,   0.0584, 0
C,  237, THR,  0.5057,  -0.0985,   0.0422, 0
C,  238, ASN,  0.2467,  -0.2141,   0.0122, 0
C,  239, LEU,  0.5979,  -0.0573,   0.0578, 0
C,  240, VAL,  0.1846,  -0.2418,   0.0078, 0
C,  241, LYS,  0.4434,  -0.1263,   0.0332, 0
C,  242, CYS,  0.7586,   0.0144,   0.0914, 0
C,  243, VAL,  1.1924,   0.2081,   0.2028, 0
C,  244, PHE,  1.5256,   0.3568,   0.2895, 0
C,  245, ASN,  0.8755,   0.0666,   0.1198, 0
C,  246, PHE,  1.4786,   0.3358,   0.2776, 0
C,  247, ASN,  1.0328,   0.1368,   0.1606, 0
C,  248, GLY,  0.6098,  -0.0520,   0.0601, 0
C,  249, THR,  0.6592,  -0.0300,   0.0697, 0
C,  250, GLY,  1.1235,   0.1773,   0.1846, 0
C,  251, THR,  0.9170,   0.0851,   0.1304, 0
C,  252, GLY,  1.2585,   0.2376,   0.2203, 0
C,  253, VAL,  1.3433,   0.2754,   0.2425, 0
C,  254, LEU,  1.9482,   0.5455,   0.3874, 0
C,  255, THR,  0.8506,   0.0555,   0.1136, 0
C,  256, GLU,  0.1470,  -0.2586,   0.0056, 0
C,  257, SER,  0.2537,  -0.2110,   0.0128, 0
C,  258, LYS,  0.7511,   0.0111,   0.0896, 0
C,  259, PHE,  1.3814,   0.2924,   0.2525, 0
C,  260, GLN,  0.2972,  -0.1916,   0.0166, 0
C,  261, PHE,  0.5490,  -0.0791,   0.0492, 0
C,  262, ASP,  0.1305,  -0.2660,   0.0048, 0
C,  263, ILE,  0.0649,  -0.2953,   0.0021, 0
C,  264, ALA,  0.0889,  -0.2845,   0.0029, 0
C,  265, ASP,  0.1173,  -0.2719,   0.0042, 0
C,  266, THR,  0.1720,  -0.2475,   0.0071, 0
C,  267, ASP,  1.6573,   0.4156,   0.3219, 0
C,  268, VAL,  0.3039,  -0.1886,   0.0172, 0
C,  269, ARG,  0.4211,  -0.1363,   0.0302, 0
C,  270, ASP,  0.2682,  -0.2045,   0.0140, 0
C,  271, PRO,  0.4162,  -0.1385,   0.0296, 0
C,  272, GLN,  1.0158,   0.1293,   0.1563, 27
C,  273, THR,  0.6168,  -0.0489,   0.0614, 0
C,  274, GLU,  0.5198,  -0.0922,   0.0444, 0
C,  275, PRO,  0.8359,   0.0489,   0.1099, 0
C,  276, SER,  0.8087,   0.0368,   0.1033, 0
C,  277, PHE,  1.4311,   0.3146,   0.2654, 0
C,  278, VAL,  0.3198,  -0.1815,   0.0187, 0
C,  279, PRO,  0.2916,  -0.1941,   0.0161, 0
C,  280, GLY,  0.1646,  -0.2507,   0.0066, 0
C,  281, THR,  0.1429,  -0.2604,   0.0054, 0
C,  282, ASN,  0.3336,  -0.1753,   0.0201, 0
C,  283, GLN,  1.2192,   0.2200,   0.2098, 0
C,  284, VAL,  1.9237,   0.5346,   0.3824, 0
C,  285, ALA,  1.7148,   0.4413,   0.3354, 0
C,  286, VAL,  2.6848,   0.8743,   0.5243, 0
C,  287, ASP,  1.0306,   0.1359,   0.1600, 0
C,  288, VAL,  1.7617,   0.4622,   0.3460, 0
C,  289, CYS,  2.0673,   0.5987,   0.4126, 27
C,  290, THR,  1.0110,   0.1271,   0.1549, 0
C,  291, GLU,  0.8093,   0.0370,   0.1034, 27
C,  292, PRO,  0.8734,   0.0657,   0.1192, 0
C,  293, VAL,  0.2420,  -0.2162,   0.0118, 0
C,  294, ALA,  0.5020,  -0.1001,   0.0416, 27
C,  295, ILE,  1.1289,   0.1797,   0.1860, 0
C,  296, HIS,  0.4811,  -0.1094,   0.0384, 0
C,  297, ALA,  0.3422,  -0.1715,   0.0210, 0
C,  298, GLN,  0.5680,  -0.0707,   0.0525, 0
C,  299, LEU,  0.1758,  -0.2458,   0.0073, 0
C,  300, THR,  0.2808,  -0.1989,   0.0151, 0
C,  301, PRO,  0.2103,  -0.2304,   0.0095, 0
C,  302, THR,  1.5205,   0.3546,   0.2882, 0
C,  303, TRP,  2.1018,   0.6141,   0.4196, 0
C,  304, ARG,  0.8051,   0.0352,   0.1024, 0
C,  305, TYR,  2.5384,   0.8089,   0.4996, 0
C,  306, THR,  1.1705,   0.1983,   0.1969, 0
C,  307, GLY,  0.5136,  -0.0950,   0.0434, 0
C,  308, ASN,  1.1011,   0.1673,   0.1786, 0
C,  309, VAL,  0.6225,  -0.0463,   0.0625, 0
C,  310, PHE,  0.5327,  -0.0864,   0.0464, 0
C,  311, ARG,  0.6940,  -0.0144,   0.0770, 0
C,  312, ALA,  1.6120,   0.3954,   0.3108, 0
C,  313, GLY,  0.6797,  -0.0208,   0.0741, 0
C,  314, CYS,  1.3433,   0.2754,   0.2425, 0
C,  315, ILE,  2.7346,   0.8965,   0.5320, 0
C,  316, GLY,  1.4768,   0.3350,   0.2771, 0
C,  317, ALA,  1.6143,   0.3964,   0.3114, 0
C,  318, GLU,  0.8061,   0.0356,   0.1026, 0
C,  319, HIS,  0.6481,  -0.0349,   0.0675, 0
C,  320, VAL,  0.5582,  -0.0750,   0.0508, 0
C,  321, ASN,  0.2889,  -0.1953,   0.0158, 0
C,  322, ASN,  0.3100,  -0.1858,   0.0177, 0
C,  323, TYR,  0.9499,   0.0998,   0.1389, 0
C,  324, GLU,  0.9973,   0.1210,   0.1512, 0
C,  325, CYS,  1.4502,   0.3231,   0.2703, 0
C,  326, ASP,  0.7341,   0.0035,   0.0859, 0
C,  327, ILE,  0.4752,  -0.1121,   0.0376, 0
C,  328, PRO,  0.3235,  -0.1798,   0.0191, 0
C,  329, ILE,  1.1998,   0.2114,   0.2047, 0
C,  330, ALA,  0.4496,  -0.1235,   0.0340, 0
C,  331, GLY,  0.5010,  -0.1006,   0.0415, 0
C,  332, ILE,  1.0879,   0.1614,   0.1752, 0
C,  333, CYS,  2.2101,   0.6624,   0.4408, 0
C,  334, ALA,  1.2517,   0.2346,   0.2185, 0
C,  335, SER,  1.3151,   0.2629,   0.2351, 0
C,  336, TYR,  0.5156,  -0.0941,   0.0438, 0
C,  337, GLN,  0.4481,  -0.1242,   0.0338, 0
C,  338, THR,  0.4776,  -0.1110,   0.0379, 0
C,  339, ASN,  0.7014,  -0.0111,   0.0786, 0
C,  340, SER,  0.5790,  -0.0657,   0.0544, 0
C,  341, PRO,  0.2936,  -0.1931,   0.0162, 0
C,  342, ARG,  0.2702,  -0.2036,   0.0142, 0
C,  343, ARG,  0.2004,  -0.2348,   0.0088, 0
C,  344, VAL,  0.2374,  -0.2183,   0.0115, 0
C,  345, ALA,  0.2239,  -0.2243,   0.0105, 0
C,  346, SER,  0.4245,  -0.1347,   0.0307, 0
C,  347, GLN,  0.4813,  -0.1094,   0.0385, 0
C,  348, SER,  0.6421,  -0.0376,   0.0663, 0
C,  349, ILE,  1.7595,   0.4612,   0.3455, 0
C,  350, ILE,  1.4242,   0.3115,   0.2636, 0
C,  351, ALA,  1.0347,   0.1377,   0.1611, 0
C,  352, THR,  0.8303,   0.0464,   0.1085, 0
C,  353, MET,  1.1239,   0.1775,   0.1847, 0
C,  354, SER,  1.0726,   0.1546,   0.1713, 0
C,  355, LEU,  0.2849,  -0.1971,   0.0155, 0
C,  356, GLY,  0.0845,  -0.2865,   0.0028, 0
C,  357, GLU,  0.0618,  -0.2967,   0.0020, 0
C,  358, ASN,  0.1098,  -0.2752,   0.0039, 0
C,  359, SER,  0.0887,  -0.2846,   0.0029, 0
C,  360, ALA,  0.1046,  -0.2775,   0.0036, 0
C,  361, TYR,  0.2947,  -0.1927,   0.0163, 0
C,  362, ASN,  0.2298,  -0.2217,   0.0109, 0
C,  363, ASN,  0.1560,  -0.2546,   0.0061, 0
C,  364, THR,  0.2989,  -0.1908,   0.0167, 0
C,  365, ASN,  0.2135,  -0.2289,   0.0097, 0
C,  366, PHE,  0.6022,  -0.0554,   0.0586, 0
C,  367, THR,  0.3270,  -0.1783,   0.0194, 0
C,  368, VAL,  0.3806,  -0.1543,   0.0253, 0
C,  369, THR,  0.4556,  -0.1209,   0.0348, 0
C,  370, THR,  0.2434,  -0.2156,   0.0119, 0
C,  371, PRO,  0.1684,  -0.2491,   0.0068, 0
C,  372, VAL,  0.1431,  -0.2603,   0.0054, 0
C,  373, MET,  0.3342,  -0.1750,   0.0202, 0
C,  374, TYR,  0.5025,  -0.0999,   0.0417, 0
C,  375, GLY,  0.2970,  -0.1917,   0.0165, 0
C,  376, ASP,  0.6829,  -0.0194,   0.0747, 0
C,  377, THR,  0.4164,  -0.1383,   0.0296, 0
C,  378, LEU,  0.9125,   0.0831,   0.1293, 0
C,  379, GLY,  0.5666,  -0.0713,   0.0522, 0
C,  380, SER,  2.4398,   0.7650,   0.4824, 0
C,  381, PHE,  1.5269,   0.3574,   0.2898, 0
C,  382, CYS,  2.3691,   0.7334,   0.4698, 0
C,  383, THR,  1.8825,   0.5162,   0.3733, 0
C,  384, GLN,  1.1789,   0.2021,   0.1992, 0
C,  385, ARG,  2.1462,   0.6338,   0.4284, 0
C,  386, ALA,  0.5295,  -0.0878,   0.0459, 0
C,  387, ALA,  0.1086,  -0.2758,   0.0038, 0
C,  388, VAL,  0.7446,   0.0082,   0.0882, 0
C,  389, GLN,  1.8634,   0.5076,   0.3691, 0
C,  390, ASP,  0.7238,  -0.0011,   0.0835, 0
C,  391, LYS,  0.3747,  -0.1570,   0.0246, 0
C,  392, ASN,  1.4135,   0.3068,   0.2609, 0
C,  393, THR,  1.7612,   0.4620,   0.3459, 2
C,  394, GLN,  0.8958,   0.0757,   0.1251, 0
C,  395, PHE,  1.5249,   0.3565,   0.2893, 2
C,  396, ALA,  0.7651,   0.0173,   0.0929, 0
C,  397, GLN,  0.2356,  -0.2190,   0.0113, 0
C,  398, ILE,  0.4385,  -0.1285,   0.0325, 0
C,  399, TYR,  0.4713,  -0.1138,   0.0370, 0
C,  400, ILE,  0.6025,  -0.0553,   0.0587, 15
C,  401, LYS,  0.7088,  -0.0078,   0.0801, 0
C,  402, ASP,  0.7956,   0.0309,   0.1002, 26
C,  403, PHE,  2.0182,   0.5767,   0.4023, 0
C,  404, GLY,  0.6687,  -0.0257,   0.0717, 0
C,  405, GLY,  0.4198,  -0.1368,   0.0301, 0
C,  406, PHE,  1.7076,   0.4381,   0.3337, 15
C,  407, PHE,  1.4011,   0.3012,   0.2577, 15
C,  408, ILE,  1.4627,   0.3287,   0.2736, 0
C,  409, LEU,  0.8699,   0.0641,   0.1183, 0
C,  410, PRO,  0.2646,  -0.2061,   0.0137, 0
C,  411, SER,  0.9860,   0.1159,   0.1482, 0
C,  412, GLU,  1.1283,   0.1794,   0.1859, 2
C,  413, ASP,  0.2762,  -0.2009,   0.0147, 0
C,  414, LEU,  0.2931,  -0.1934,   0.0162, 0
C,  415, LEU,  0.4152,  -0.1389,   0.0295, 0
C,  416, PHE,  1.0571,   0.1477,   0.1671, 2
C,  417, VAL,  0.8835,   0.0702,   0.1218, 0
C,  418, THR,  0.7104,  -0.0071,   0.0805, 0
C,  419, LEU,  1.6725,   0.4224,   0.3255, 0
C,  420, ALA,  0.7512,   0.0111,   0.0897, 0
C,  421, ALA,  0.7599,   0.0150,   0.0916, 0
C,  422, GLY,  0.8564,   0.0581,   0.1150, 0
C,  423, PHE,  0.7460,   0.0088,   0.0885, 0
C,  424, ILE,  0.3290,  -0.1774,   0.0196, 0
C,  425, LYS,  0.4113,  -0.1406,   0.0290, 0
C,  426, GLN,  0.3540,  -0.1662,   0.0223, 0
C,  427, TYR,  2.0051,   0.5709,   0.3995, 2
C,  428, GLY,  0.1814,  -0.2433,   0.0076, 0
C,  429, ASP,  1.0336,   0.1372,   0.1608, 2
C,  430, LEU,  0.8032,   0.0343,   0.1020, 2
C,  431, GLY,  0.1332,  -0.2648,   0.0049, 0
C,  432, VAL,  0.3620,  -0.1626,   0.0232, 0
C,  433, MET,  1.6560,   0.4150,   0.3216, 2
C,  434, ILE,  0.6874,  -0.0174,   0.0756, 2
C,  435, GLN,  0.2475,  -0.2137,   0.0123, 0
C,  436, TYR,  0.8479,   0.0543,   0.1129, 2
C,  437, THR,  1.2707,   0.2430,   0.2234, 2
C,  438, LEU,  1.6647,   0.4189,   0.3236, 2
C,  439, LEU,  1.1195,   0.1755,   0.1835, 15
C,  440, ALA,  0.7220,  -0.0019,   0.0831, 0
C,  441, ILE,  1.3432,   0.2754,   0.2425, 15
C,  442, THR,  2.2998,   0.7024,   0.4572, 26
C,  443, SER,  2.5810,   0.8280,   0.5072, 0
C,  444, PHE,  2.7189,   0.8895,   0.5296, 0
C,  445, ALA,  1.1100,   0.1713,   0.1810, 0
C,  446, GLY,  1.3170,   0.2637,   0.2356, 26
C,  447, ALA,  1.6389,   0.4074,   0.3175, 0
C,  448, ALA,  1.9580,   0.5498,   0.3894, 20
C,  449, GLN,  1.7594,   0.4612,   0.3455, 0
C,  450, PHE,  2.4061,   0.7499,   0.4763, 15
C,  451, ALA,  2.0812,   0.6048,   0.4155, 0
C,  452, MET,  1.7800,   0.4704,   0.3501, 20
C,  453, GLY,  1.0333,   0.1371,   0.1607, 26
C,  454, ILE,  2.9965,   1.0135,   0.5702, 0
C,  455, GLY,  1.1606,   0.1939,   0.1943, 0
C,  456, VAL,  2.0282,   0.5812,   0.4045, 0
C,  457, THR,  1.7903,   0.4750,   0.3525, 20
C,  458, GLN,  2.4851,   0.7852,   0.4906, 0
C,  459, ASN,  2.0072,   0.5718,   0.3999, 0
C,  460, VAL,  1.4098,   0.3051,   0.2600, 0
C,  461, LEU,  1.2501,   0.2338,   0.2181, 0
C,  462, TYR,  1.7928,   0.4761,   0.3530, 0
C,  463, LYS,  2.4498,   0.7694,   0.4842, 0
C,  464, LEU,  0.8149,   0.0396,   0.1047, 0
C,  465, ILE,  2.1968,   0.6565,   0.4383, 0
C,  466, ALA,  0.5592,  -0.0746,   0.0509, 0
C,  467, ASN,  2.2531,   0.6816,   0.4488, 15
C,  468, SER,  1.1774,   0.2014,   0.1988, 15
C,  469, ALA,  1.5567,   0.3707,   0.2971, 15
C,  470, ILE,  1.1821,   0.2035,   0.2001, 0
C,  471, GLY,  0.9194,   0.0862,   0.1310, 2
C,  472, LYS,  1.8851,   0.5173,   0.3739, 2
C,  473, ILE,  1.2176,   0.2193,   0.2094, 2
C,  474, GLN,  2.3550,   0.7271,   0.4672, 2
C,  475, SER,  1.6106,   0.3947,   0.3105, 0
C,  476, LEU,  1.7601,   0.4615,   0.3457, 0
C,  477, SER,  1.5897,   0.3854,   0.3054, 0
C,  478, SER,  0.5919,  -0.0600,   0.0567, 0
C,  479, GLN,  1.2353,   0.2272,   0.2142, 0
C,  480, VAL,  1.2495,   0.2335,   0.2179, 0
C,  481, ASN,  0.7923,   0.0295,   0.0995, 0
C,  482, GLN,  0.3185,  -0.1821,   0.0186, 0
C,  483, ALA,  0.6359,  -0.0404,   0.0651, 0
C,  484, LEU,  0.4319,  -0.1315,   0.0316, 0
C,  485, ASN,  0.5615,  -0.0736,   0.0513, 0
C,  486, VAL,  0.2391,  -0.2175,   0.0116, 0
C,  487, SER,  0.5436,  -0.0816,   0.0482, 0
C,  488, SER,  0.4434,  -0.1263,   0.0332, 0
C,  489, VAL,  0.3077,  -0.1869,   0.0175, 0
C,  490, LEU,  0.3178,  -0.1824,   0.0185, 0
C,  491, ASN,  0.0850,  -0.2863,   0.0028, 0
C,  492, ASP,  0.0911,  -0.2836,   0.0030, 0
C,  493, LEU,  0.1409,  -0.2613,   0.0053, 0
C,  494, LEU,  0.0755,  -0.2905,   0.0024, 0
C,  495, LYS,  0.0860,  -0.2858,   0.0028, 0
C,  496, VAL,  0.1378,  -0.2627,   0.0051, 0
C,  497, ALA,  0.0429,  -0.3051,   0.0014, 0
C,  498, GLU,  0.1829,  -0.2426,   0.0077, 0
C,  499, VAL,  0.2339,  -0.2198,   0.0112, 0
C,  500, GLN,  0.4735,  -0.1129,   0.0373, 0
C,  501, ASP,  1.0559,   0.1471,   0.1667, 0
C,  502, ARG,  1.9926,   0.5653,   0.3968, 0
C,  503, ILE,  1.7088,   0.4386,   0.3340, 0
C,  504, LEU,  1.2432,   0.2307,   0.2163, 0
C,  505, LEU,  2.2894,   0.6978,   0.4553, 0
C,  506, THR,  1.0087,   0.1261,   0.1543, 0
C,  507, GLN,  2.1045,   0.6152,   0.4201, 0
C,  508, GLN,  1.8194,   0.4880,   0.3591, 0
C,  509, LEU,  1.7821,   0.4713,   0.3506, 0
C,  510, ILE,  1.4128,   0.3065,   0.2608, 0
C,  511, ARG,  2.1161,   0.6204,   0.4224, 0
C,  512, ALA,  1.8602,   0.5062,   0.3684, 0
C,  513, ILE,  2.0048,   0.5707,   0.3994, 0
C,  514, ARG,  2.8826,   0.9626,   0.5535, 0
C,  515, ALA,  1.4498,   0.3230,   0.2702, 0
C,  516, SER,  1.7139,   0.4409,   0.3352, 0
C,  517, ALA,  1.1936,   0.2086,   0.2031, 0
C,  518, ASN,  1.8180,   0.4873,   0.3588, 0
C,  519, LEU,  2.1933,   0.6549,   0.4376, 0
C,  520, ALA,  1.9771,   0.5584,   0.3935, 2
C,  521, ALA,  1.1912,   0.2075,   0.2025, 0
C,  522, THR,  1.8956,   0.5220,   0.3762, 14
C,  523, MET,  2.0090,   0.5726,   0.4003, 0
C,  524, SER,  1.5774,   0.3799,   0.3023, 0
C,  525, LEU,  1.5763,   0.3795,   0.3021, 0
C,  526, GLY,  1.3722,   0.2883,   0.2501, 0
C,  527, GLN,  1.6861,   0.4285,   0.3288, 0
C,  528, ARG,  1.8821,   0.5160,   0.3732, 14
C,  529, VAL,  1.7223,   0.4446,   0.3370, 0
C,  530, ASP,  1.6097,   0.3944,   0.3103, 0
C,  531, PHE,  2.1373,   0.6299,   0.4266, 14
C,  532, CYS,  0.7547,   0.0127,   0.0905, 0
C,  533, GLY,  0.4928,  -0.1043,   0.0402, 0
C,  534, LYS,  0.5443,  -0.0812,   0.0484, 0
C,  535, GLY,  0.3851,  -0.1523,   0.0259, 0
C,  536, TYR,  1.3703,   0.2875,   0.2496, 0
C,  537, HIS,  1.1887,   0.2064,   0.2018, 0
C,  538, MET,  1.2400,   0.2293,   0.2155, 0
C,  539, PRO,  1.3235,   0.2666,   0.2373, 0
C,  540, GLN,  1.3877,   0.2952,   0.2541, 15
C,  541, ALA,  0.3130,  -0.1845,   0.0180, 0
C,  542, PRO,  1.3152,   0.2629,   0.2351, 2
C,  543, PHE,  2.6815,   0.8728,   0.5238, 2
C,  544, LEU,  0.5962,  -0.0581,   0.0575, 0
C,  545, HIS,  1.3942,   0.2982,   0.2558, 0
C,  546, VAL,  0.4740,  -0.1126,   0.0374, 0
C,  547, THR,  0.4370,  -0.1292,   0.0323, 0
C,  548, TYR,  0.9590,   0.1039,   0.1413, 0
C,  549, VAL,  0.3509,  -0.1676,   0.0220, 0
C,  550, PRO,  0.5963,  -0.0580,   0.0575, 0
C,  551, ALA,  0.2114,  -0.2299,   0.0096, 0
C,  552, GLN,  1.1559,   0.1918,   0.1930, 22
C,  553, LYS,  0.8515,   0.0559,   0.1138, 0
C,  554, ASN,  0.5446,  -0.0811,   0.0484, 0
C,  555, PHE,  1.4416,   0.3193,   0.2681, 22
C,  556, THR,  0.8733,   0.0656,   0.1192, 0
C,  557, THR,  0.8747,   0.0663,   0.1196, 22
C,  558, ALA,  0.3730,  -0.1577,   0.0244, 0
C,  559, PRO,  0.4632,  -0.1174,   0.0359, 0
C,  560, ALA,  0.0218,  -0.3145,   0.0008, 0
C,  561, ILE,  0.1441,  -0.2599,   0.0055, 0
C,  562, CYS,  1.4427,   0.3198,   0.2683, 0
C,  563, HIS,  1.2234,   0.2219,   0.2110, 0
C,  564, ALA,  0.4310,  -0.1318,   0.0315, 0
C,  565, HIS,  0.5767,  -0.0668,   0.0540, 0
C,  566, PHE,  0.9124,   0.0831,   0.1293, 0
C,  567, PRO,  0.3469,  -0.1694,   0.0215, 0
C,  568, VAL,  0.5410,  -0.0827,   0.0478, 22
C,  569, PHE,  0.5639,  -0.0725,   0.0518, 0
C,  570, VAL,  0.7603,   0.0152,   0.0917, 0
C,  571, THR,  0.8203,   0.0420,   0.1060, 0
C,  572, HIS,  0.6637,  -0.0279,   0.0707, 0
C,  573, TRP,  1.7318,   0.4489,   0.3392, 0
C,  574, PHE,  1.2819,   0.2480,   0.2264, 0
C,  575, VAL,  1.0243,   0.1331,   0.1584, 0
C,  576, THR,  0.9738,   0.1105,   0.1450, 0
C,  577, GLN,  1.5346,   0.3608,   0.2917, 22
C,  578, PHE,  1.3162,   0.2633,   0.2354, 0
C,  579, TYR,  2.9007,   0.9707,   0.5562, 0
C,  580, PRO,  1.8002,   0.4794,   0.3547, 0
C,  581, GLN,  1.8729,   0.5119,   0.3712, 0
C,  582, ASN,  1.3132,   0.2620,   0.2346, 0
C,  583, THR,  0.9590,   0.1039,   0.1413, 0
C,  584, PHE,  1.7464,   0.4554,   0.3426, 0
C,  585, VAL,  1.1634,   0.1951,   0.1950, 0
C,  586, SER,  1.3937,   0.2979,   0.2557, 0
C,  587, GLY,  0.5611,  -0.0738,   0.0513, 0
C,  588, ASN,  0.7307,   0.0020,   0.0851, 0
C,  589, CYS,  1.2505,   0.2340,   0.2182, 0
C,  590, ASP,  0.6187,  -0.0480,   0.0618, 0
C,  591, VAL,  0.3687,  -0.1596,   0.0239, 0
C,  592, VAL,  0.7417,   0.0069,   0.0875, 0
C,  593, ILE,  0.6893,  -0.0165,   0.0760, 0
C,  594, GLY,  0.7330,   0.0030,   0.0856, 0
C,  595, ILE,  0.7528,   0.0118,   0.0900, 0
C,  596, VAL,  0.6796,  -0.0208,   0.0740, 0
C,  597, ASN,  1.1294,   0.1800,   0.1862, 0
C,  598, ASN,  0.7373,   0.0049,   0.0865, 0
C,  599, THR,  0.5806,  -0.0651,   0.0546, 0
C,  600, VAL,  1.0179,   0.1302,   0.1568, 0
C,  601, TYR,  1.4834,   0.3380,   0.2788, 0
C,  602, ASP,  0.4787,  -0.1106,   0.0381, 0
C,  603, PRO,  0.4295,  -0.1325,   0.0313, 0
C,  604, GLN,  0.2830,  -0.1979,   0.0153, 0
C,  605, PRO,  0.0519,  -0.3011,   0.0017, 0
